Question	Answer_Alexa_excerpt_adherence	Answer_Alexa_completeness	Answer_Alexa_correctness	Answer_Alexa_answer_relevancy	Answer_Alexa_readability_LLM_eval_Trott	Designed_Answer_1_excerpt_adherence	Designed_Answer_1_completeness	Designed_Answer_1_correctness	Designed_Answer_1_answer_relevancy	Designed_Answer_1_readability_LLM_eval_Trott	Designed_Answer_2_excerpt_adherence	Designed_Answer_2_completeness	Designed_Answer_2_correctness	Designed_Answer_2_answer_relevancy	Designed_Answer_2_readability_LLM_eval_Trott	VanillaRAG_excerpt_adherence	VanillaRAG_completeness	VanillaRAG_correctness	VanillaRAG_answer_relevancy	VanillaRAG_readability_LLM_eval_Trott	RAG+RAIN_Flesh-Kincaid-Readability_BERT_FLESCH_READABILITY_excerpt_adherence	RAG+RAIN_Flesh-Kincaid-Readability_BERT_FLESCH_READABILITY_completeness	RAG+RAIN_Flesh-Kincaid-Readability_BERT_FLESCH_READABILITY_correctness	RAG+RAIN_Flesh-Kincaid-Readability_BERT_FLESCH_READABILITY_answer_relevancy	RAG+RAIN_Flesh-Kincaid-Readability_BERT_FLESCH_READABILITY_readability_LLM_eval_Trott	RAG+RAIN_Flesh-Kincaid-Readability_BERT_BERT_excerpt_adherence	RAG+RAIN_Flesh-Kincaid-Readability_BERT_BERT_completeness	RAG+RAIN_Flesh-Kincaid-Readability_BERT_BERT_correctness	RAG+RAIN_Flesh-Kincaid-Readability_BERT_BERT_answer_relevancy	RAG+RAIN_Flesh-Kincaid-Readability_BERT_BERT_readability_LLM_eval_Trott	RAG+RAIN_honesty_comprehensibility_DISHONESTY_excerpt_adherence	RAG+RAIN_honesty_comprehensibility_DISHONESTY_completeness	RAG+RAIN_honesty_comprehensibility_DISHONESTY_correctness	RAG+RAIN_honesty_comprehensibility_DISHONESTY_answer_relevancy	RAG+RAIN_honesty_comprehensibility_DISHONESTY_readability_LLM_eval_Trott	RAG+RAIN_honesty_comprehensibility_COMPREHENSIBILITY_excerpt_adherence	RAG+RAIN_honesty_comprehensibility_COMPREHENSIBILITY_completeness	RAG+RAIN_honesty_comprehensibility_COMPREHENSIBILITY_correctness	RAG+RAIN_honesty_comprehensibility_COMPREHENSIBILITY_answer_relevancy	RAG+RAIN_honesty_comprehensibility_COMPREHENSIBILITY_readability_LLM_eval_Trott	RAG+MultiRAIN_correctness_readability_MULTIRAIN_excerpt_adherence	RAG+MultiRAIN_correctness_readability_MULTIRAIN_completeness	RAG+MultiRAIN_correctness_readability_MULTIRAIN_correctness	RAG+MultiRAIN_correctness_readability_MULTIRAIN_answer_relevancy	RAG+MultiRAIN_correctness_readability_MULTIRAIN_readability_LLM_eval_Trott	RAG+RAIN_correctness_readability_READABILITY_excerpt_adherence	RAG+RAIN_correctness_readability_READABILITY_completeness	RAG+RAIN_correctness_readability_READABILITY_correctness	RAG+RAIN_correctness_readability_READABILITY_answer_relevancy	RAG+RAIN_correctness_readability_READABILITY_readability_LLM_eval_Trott	RAG+RAIN_correctness_readability_CORRECTNESS_excerpt_adherence	RAG+RAIN_correctness_readability_CORRECTNESS_completeness	RAG+RAIN_correctness_readability_CORRECTNESS_correctness	RAG+RAIN_correctness_readability_CORRECTNESS_answer_relevancy	RAG+RAIN_correctness_readability_CORRECTNESS_readability_LLM_eval_Trott	Answer_Alexa_BLEU	Answer_Alexa_ROUGE	Answer_Alexa_Readability	Answer_Alexa_TextStat	Answer_Alexa_LexicalDiversity	Answer_Alexa_SentenceLength	Answer_Alexa_BERTScore	Answer_Alexa_STS	Designed_Answer_1_BLEU	Designed_Answer_1_ROUGE	Designed_Answer_1_Readability	Designed_Answer_1_TextStat	Designed_Answer_1_LexicalDiversity	Designed_Answer_1_SentenceLength	Designed_Answer_1_BERTScore	Designed_Answer_1_STS	Designed_Answer_2_BLEU	Designed_Answer_2_ROUGE	Designed_Answer_2_Readability	Designed_Answer_2_TextStat	Designed_Answer_2_LexicalDiversity	Designed_Answer_2_SentenceLength	Designed_Answer_2_BERTScore	Designed_Answer_2_STS	VanillaRAG_BLEU	VanillaRAG_ROUGE	VanillaRAG_Readability	VanillaRAG_TextStat	VanillaRAG_LexicalDiversity	VanillaRAG_SentenceLength	VanillaRAG_BERTScore	VanillaRAG_STS	RAG+RAIN_Flesh-Kincaid-Readability_BERT_FLESCH_READABILITY_BLEU	RAG+RAIN_Flesh-Kincaid-Readability_BERT_FLESCH_READABILITY_ROUGE	RAG+RAIN_Flesh-Kincaid-Readability_BERT_FLESCH_READABILITY_Readability	RAG+RAIN_Flesh-Kincaid-Readability_BERT_FLESCH_READABILITY_TextStat	RAG+RAIN_Flesh-Kincaid-Readability_BERT_FLESCH_READABILITY_LexicalDiversity	RAG+RAIN_Flesh-Kincaid-Readability_BERT_FLESCH_READABILITY_SentenceLength	RAG+RAIN_Flesh-Kincaid-Readability_BERT_FLESCH_READABILITY_BERTScore	RAG+RAIN_Flesh-Kincaid-Readability_BERT_FLESCH_READABILITY_STS	RAG+RAIN_Flesh-Kincaid-Readability_BERT_BERT_BLEU	RAG+RAIN_Flesh-Kincaid-Readability_BERT_BERT_ROUGE	RAG+RAIN_Flesh-Kincaid-Readability_BERT_BERT_Readability	RAG+RAIN_Flesh-Kincaid-Readability_BERT_BERT_TextStat	RAG+RAIN_Flesh-Kincaid-Readability_BERT_BERT_LexicalDiversity	RAG+RAIN_Flesh-Kincaid-Readability_BERT_BERT_SentenceLength	RAG+RAIN_Flesh-Kincaid-Readability_BERT_BERT_BERTScore	RAG+RAIN_Flesh-Kincaid-Readability_BERT_BERT_STS	RAG+RAIN_honesty_comprehensibility_DISHONESTY_BLEU	RAG+RAIN_honesty_comprehensibility_DISHONESTY_ROUGE	RAG+RAIN_honesty_comprehensibility_DISHONESTY_Readability	RAG+RAIN_honesty_comprehensibility_DISHONESTY_TextStat	RAG+RAIN_honesty_comprehensibility_DISHONESTY_LexicalDiversity	RAG+RAIN_honesty_comprehensibility_DISHONESTY_SentenceLength	RAG+RAIN_honesty_comprehensibility_DISHONESTY_BERTScore	RAG+RAIN_honesty_comprehensibility_DISHONESTY_STS	RAG+RAIN_honesty_comprehensibility_COMPREHENSIBILITY_BLEU	RAG+RAIN_honesty_comprehensibility_COMPREHENSIBILITY_ROUGE	RAG+RAIN_honesty_comprehensibility_COMPREHENSIBILITY_Readability	RAG+RAIN_honesty_comprehensibility_COMPREHENSIBILITY_TextStat	RAG+RAIN_honesty_comprehensibility_COMPREHENSIBILITY_LexicalDiversity	RAG+RAIN_honesty_comprehensibility_COMPREHENSIBILITY_SentenceLength	RAG+RAIN_honesty_comprehensibility_COMPREHENSIBILITY_BERTScore	RAG+RAIN_honesty_comprehensibility_COMPREHENSIBILITY_STS	RAG+MultiRAIN_correctness_readability_MULTIRAIN_BLEU	RAG+MultiRAIN_correctness_readability_MULTIRAIN_ROUGE	RAG+MultiRAIN_correctness_readability_MULTIRAIN_Readability	RAG+MultiRAIN_correctness_readability_MULTIRAIN_TextStat	RAG+MultiRAIN_correctness_readability_MULTIRAIN_LexicalDiversity	RAG+MultiRAIN_correctness_readability_MULTIRAIN_SentenceLength	RAG+MultiRAIN_correctness_readability_MULTIRAIN_BERTScore	RAG+MultiRAIN_correctness_readability_MULTIRAIN_STS	RAG+RAIN_correctness_readability_READABILITY_BLEU	RAG+RAIN_correctness_readability_READABILITY_ROUGE	RAG+RAIN_correctness_readability_READABILITY_Readability	RAG+RAIN_correctness_readability_READABILITY_TextStat	RAG+RAIN_correctness_readability_READABILITY_LexicalDiversity	RAG+RAIN_correctness_readability_READABILITY_SentenceLength	RAG+RAIN_correctness_readability_READABILITY_BERTScore	RAG+RAIN_correctness_readability_READABILITY_STS	RAG+RAIN_correctness_readability_CORRECTNESS_BLEU	RAG+RAIN_correctness_readability_CORRECTNESS_ROUGE	RAG+RAIN_correctness_readability_CORRECTNESS_Readability	RAG+RAIN_correctness_readability_CORRECTNESS_TextStat	RAG+RAIN_correctness_readability_CORRECTNESS_LexicalDiversity	RAG+RAIN_correctness_readability_CORRECTNESS_SentenceLength	RAG+RAIN_correctness_readability_CORRECTNESS_BERTScore	RAG+RAIN_correctness_readability_CORRECTNESS_STS
Are you sharing my age with others?	0.0	10.0	NA	40.0	100	70	40.0	90.0	70	100	80	50.0	90.0	60	90	0	20	NA	85	90	30.0	0.0	80.0	100	95	30.0	40.0	90.0	70.0	90.0	20	0.0	NA	70.0	90	40.0	0	NA	90.0	90	60	70	90.0	95	100	40.0	70	NA	95.0	100	50	50.0	80.0	95	100	6.0	0.0240963855421686	100.0	1.0	6.0	8	-0.0854386985301971	0.151294931769371	2.0	0.3838383838383838	60	10	135.52000000000015	13	0.4615537524223327	0.7928791046142578	7.0	0.5185185185185185	55	10	38	16	0.5408746600151062	0.9168524146080016	1.0	0.3033707865168539	29	15	100.0	28	0.2692838311195373	0.3995020091533661	2.0	0.3384615384615385	70	10	52	28	0.2641237378120422	0.3899002075195312	6.0	0.2894736842105263	37.0	15.0	57.0	29.0	0.2672899961471557	0.4820103645324707	4.0	0.2644628099173554	40	11.0	77	25	0.2641451060771942	0.4529211521148681	4.0	0.2644628099173554	40	11.0	77.0	25	0.2641451060771942	0.4529211521148681	0.3782129389055376	0.2083333333333333	77	8	19.0	21	0.2082217037677765	0.4162377715110779	1.0	0.2291666666666666	77	7	19.0	21	0.1875189393758773	0.3808248043060303	0.5098029287343484	0.2424242424242424	66	10	22.0	23	0.2609603703022003	0.4273118376731872
Are you sharing my name?	0.0	0.0	90.0	0.0	90	100	70.0	80.0	85	90	70	60.0	90.0	80	95	0	60	NA	90	90	30.0	60.0	90.0	70	90	50.0	60.0	NA	50.0	90.0	60	70.0	NA	60.0	90	40.0	70	90.0	85.0	90	40	70	NA	60	90	60.0	60	NA	60.0	90	30	70.0	90.0	60	90	0.0111195331020627	0.0710059171597633	93.0	3.0	58.0	14	0.0626711472868919	0.2733708024024963	4.0	0.3819095477386935	52	10	84.0	31	0.407684326171875	0.8058837652206421	0.3850227733006978	0.2456140350877192	66	8	27	15	0.3581938147544861	0.7993820309638977	0.2193180927946983	0.1818181818181818	41	15	78.0	23	0.2362999469041824	0.37720388174057	0.9786010204255892	0.3	44	12	79	21	0.2902289032936096	0.4926868379116058	0.935775362112239	0.2843137254901961	42.0	14.0	91.0	22.0	0.2904269099235534	0.4670090079307556	0.6155596244213809	0.2926829268292683	42	13.0	69	23	0.2836407423019409	0.4672710001468658	0.5818796481195168	0.24	44	12.0	84.0	21	0.2715996205806732	0.5751029253005981	0.6155596244213809	0.2926829268292683	42	13	69.0	23	0.2836407423019409	0.4672710001468658	0.9552721673255796	0.2829268292682926	42	14	94.0	22	0.2896175980567932	0.466453343629837	0.6155596244213809	0.2926829268292683	42	13	69.0	23	0.2836407423019409	0.4672710001468658
Can i delete my old calendar history?	80.0	20.0	NA	50.0	100	100	70.0	100.0	60	100	100	50.0	100.0	60	100	20	0	NA	60	90	20.0	70.0	NA	90	90	30.0	70.0	50.0	95.0	95.0	0	70.0	80.0	90.0	90	20.0	80	90.0	95.0	90	20	80	70.0	90	90	20.0	80	90.0	90.0	90	0	80.0	90.0	90	90	0.3269653562747845	0.2222222222222222	115.13	3.0	7.0	8	0.1143733710050582	0.4442351460456848	2.0	0.3529411764705882	91	6	54.0	16	0.3093301057815552	0.8631880283355713	2.0	0.4137931034482758	96	5	9	10	0.3922697603702545	0.9093756675720216	1.0	0.25	61	13	89.0	20	0.2387184202671051	0.8023332953453064	3.0	0.3235294117647058	64	10	46	26	0.2500241100788116	0.8202460408210754	4.0	0.2745098039215686	65.0	14.0	38.0	35.0	0.2502003908157348	0.8245435953140259	3.0	0.3235294117647058	64	10.0	46	26	0.2500241100788116	0.8202460408210754	3.0	0.3235294117647058	64	10.0	46.0	26	0.2500241100788116	0.8202460408210754	3.0	0.3235294117647058	64	10	46.0	26	0.2500241100788116	0.8202460408210754	3.0	0.3235294117647058	64	10	46.0	26	0.2500241100788116	0.8202460408210754	3.0	0.3235294117647058	64	10	46.0	26	0.2500241100788116	0.8202460408210754
Can i hide my email address?	NA	NA	NA	0.0	50	20	20.0	90.0	30	100	0	50.0	80.0	50	100	60	60	NA	70	90	20.0	0.0	90.0	70	95	70.0	60.0	80.0	80.0	95.0	50	20.0	85.0	85.0	95	40.0	20	85.0	85.0	95	50	70	90.0	85	90	50.0	60	80.0	85.0	95	30	70.0	90.0	85	90	0.0	0.0	77.0	0.0	2.0	2	-0.2132888734340667	0.0696711689233779	2.0	0.2978723404255319	70	7	33.0	11	0.3223485350608825	0.4129988253116607	1.0	0.4	68	8	33	12	0.3563303649425506	0.4160596132278442	8.0	0.3950617283950617	61	11	44.0	20	0.3668057322502136	0.4318900108337402	7.0	0.3296703296703297	58	13	55	24	0.3793763816356659	0.3442384004592895	11.0	0.463768115942029	42.0	13.0	47.0	24.0	0.4869424998760223	0.5269503593444824	10.0	0.4	41	14.0	70	24	0.4632348418235779	0.4640660583972931	10.0	0.4	41	14.0	70.0	24	0.4632348418235779	0.4640660583972931	3.0	0.3333333333333333	48	12	61.0	26	0.4267399609088897	0.3504932224750519	11.0	0.463768115942029	42	13	47.0	24	0.4942125380039215	0.5236508250236511	7.0	0.367816091954023	51	13	81.0	22	0.4212242662906647	0.3794959783554077
Can the assistant pull information from my phone's calendar?	0.0	20.0	NA	60.0	100	90	75.0	100.0	70	90	95	80.0	100.0	70	90	80	80	80.0	90	90	80.0	70.0	100.0	95	100	85.0	70.0	100.0	90.0	95.0	70	70.0	100.0	95.0	90	70.0	70	100.0	100.0	90	70	70	100.0	90	100	75.0	70	100.0	90.0	100	100	80.0	100.0	90	95	0.0513737852025577	0.0923076923076923	86.0	4.0	28.0	12	0.0934583023190498	0.2690678238868713	12.0	0.6136363636363636	85	5	34.0	12	0.5824667811393738	0.8890612125396729	32.0	0.6947368421052632	67	9	47	23	0.7044950723648071	0.9435817003250122	6.0	0.4464285714285714	61	10	67.0	20	0.4115945398807525	0.7901709079742432	3.0	0.4123711340206185	73	9	29	16	0.4637861549854278	0.8436062335968018	4.0	0.4367816091954023	63.0	9.0	28.0	19.0	0.4792171120643616	0.7853643894195557	3.0	0.438095238095238	71	8.0	32	20	0.4774265885353088	0.8415648341178894	3.0	0.438095238095238	71	8.0	32.0	20	0.4774265885353088	0.8415648341178894	2.0	0.3855421686746987	65	8	29.0	17	0.4304475784301758	0.7872439026832581	3.0	0.411764705882353	72	8	34.0	19	0.4187595248222351	0.8173125386238098	4.0	0.4096385542168675	57	9	31.0	17	0.4874254465103149	0.788489818572998
Can you delete information about my time zone?	0.0	0.0	NA	0.0	100	40	40.0	90.0	40	90	30	0.0	100.0	40	95	20	30	100.0	60	90	20.0	60.0	80.0	85	90	60.0	40.0	90.0	70.0	90.0	70	60.0	90.0	70.0	90	60.0	50	90.0	70.0	90	70	40	90.0	60	90	60.0	60	NA	60.0	90	70	70.0	90.0	90	90	0.0051592542963966	0.0238095238095238	87.0	3.0	10.0	13	0.0187545027583837	0.1731015890836715	0.4530781693692298	0.2831858407079646	61	10	32.0	20	0.3242256343364715	0.3661184012889862	0.0657292122558122	0.2340425531914893	70	12	21	21	0.3076047301292419	0.4101629257202148	0.7123209255471324	0.1899441340782123	62	11	75.0	28	0.2251522094011306	0.3242427110671997	2.0	0.2698412698412699	71	9	52	19	0.3141708970069885	0.3276558518409729	1.0	0.3478260869565217	42.0	13.0	35.0	23.0	0.3659093677997589	0.4539408981800079	1.0	0.3448275862068966	42	13.0	36	23	0.3649769425392151	0.4506056308746338	1.0	0.3448275862068966	42	13.0	36.0	23	0.3649769425392151	0.4506056308746338	5.0	0.2773722627737225	35	13	42.0	22	0.3075010478496551	0.4267423450946808	1.0	0.3620689655172414	40	11	36.0	16	0.3776383101940155	0.449336975812912	5.0	0.2539682539682539	47	11	63.0	28	0.2934843003749847	0.5087605714797974
Can you delete my voice recordings?	70.0	20.0	NA	80.0	100	80	60.0	90.0	90	90	80	40.0	100.0	95	90	80	85	100.0	90	90	70.0	60.0	90.0	90	90	70.0	60.0	100.0	95.0	90.0	60	60.0	95.0	95.0	90	70.0	60	95.0	100.0	90	75	60	100.0	100	90	60.0	60	95.0	100.0	90	60	60.0	100.0	95	90	1.0	0.0529411764705882	90.0	10.0	16.0	19	0.1091639250516891	0.5690478086471558	0.3992011351308063	0.2758620689655172	62	16	43.0	29	0.5175370573997498	0.91122168302536	1.0	0.3247422680412371	72	8	32	18	0.5472891330718994	0.8956339359283447	23.0	0.592292089249493	59	10	39.0	22	0.6762561202049255	0.9368331432342528	2.0	0.3585858585858585	64	11	35	26	0.5628872513771057	0.8843952417373657	0.8239591002533079	0.2758620689655172	47.0	13.0	58.0	28.0	0.5703624486923218	0.8811545372009277	2.0	0.3585858585858585	64	11.0	35	26	0.5628872513771057	0.8843952417373657	2.0	0.3585858585858585	64	11.0	35.0	26	0.5628872513771057	0.8843952417373657	2.0	0.3282051282051282	59	11	58.0	24	0.5933400392532349	0.9238932132720948	2.0	0.3585858585858585	64	11	35.0	26	0.5628872513771057	0.8843952417373657	2.0	0.3585858585858585	64	11	35.0	26	0.5628872513771057	0.8843952417373657
Do i have choice or control options for my contacts' information?	0.0	70.0	90.0	40.0	100	70	70.0	90.0	80	90	75	70.0	NA	90	90	70	70	85.0	80	90	30.0	70.0	90.0	90	100	50.0	60.0	80.0	90.0	100.0	20	60.0	NA	90.0	100	20.0	60	NA	95.0	100	20	70	NA	90	100	40.0	70	NA	90.0	100	40	60.0	80.0	90	100	0.0431236108958106	0.078125	43.0	14.0	111.99999999999991	22	0.2074640989303589	0.1892565637826919	6.0	0.4615384615384615	54	13	46.0	18	0.6904823184013367	0.954521894454956	0.7903088084045995	0.3555555555555555	57	10	34	14	0.542172908782959	0.8529067635536194	0.6129787380401779	0.1923076923076923	30	12	80.0	18	0.2896970808506012	0.4472448825836181	3.0	0.368421052631579	82	6	30	17	0.4868516027927398	0.7833684086799622	3.0	0.3815789473684211	82.0	6.0	33.0	17.0	0.498165100812912	0.7793272733688354	3.0	0.3733333333333333	82	6.0	35	17	0.4803298711776733	0.7889761924743652	3.0	0.3733333333333333	82	6.0	35.0	17	0.4803298711776733	0.7889761924743652	3.0	0.368421052631579	82	6	30.0	17	0.4868516027927398	0.7833684086799622	4.0	0.3947368421052631	82	6	33.0	17	0.5021494626998901	0.7813875675201416	3.0	0.368421052631579	82	6	30.0	17	0.4868516027927398	0.7833684086799622
Do they keep my contacts' information?	0.0	0.0	NA	0.0	100	100	70.0	100.0	60	90	90	70.0	96.0	70	90	0	30	NA	60	85	40.0	50.0	80.0	80	95	10.0	30.0	80.0	80.0	85.0	10	20.0	70.0	80.0	85	0.0	40	100.0	70.0	90	0	30	NA	70	85	10.0	30	80.0	80.0	85	0	30.0	NA	70	85	7.0	0.017094017094017	88.0	3.0	9.0	11	-0.0909205824136734	0.0031296629458665	7.0	0.4460431654676259	56	10	31.0	34	0.6879610419273376	0.907618522644043	12.0	0.5487804878048781	60	12	43	20	0.6648135185241699	0.9481220245361328	0.9127034165634922	0.2485207100591716	32	17	59.0	34	0.2295636534690857	0.3612824082374573	0.1454697083524244	0.1294964028776978	55	10	53	17	0.2077266871929168	0.4054732322692871	0.6542026147744356	0.1258741258741258	35.0	17.0	57.0	39.0	0.2186229676008224	0.3187704086303711	1.0	0.1265822784810126	37	19.0	87	28	0.2033705413341522	0.307323694229126	0.4074103668783164	0.1625	53	12.0	75.0	19	0.2558518052101135	0.3518088459968567	0.6542026147744356	0.1258741258741258	35	17	57.0	39	0.2186229676008224	0.3187704086303711	1.0	0.1383647798742138	37	15	80.0	28	0.2213734239339828	0.3103703260421753	0.6542026147744356	0.1258741258741258	35	17	57.0	39	0.2186229676008224	0.3187704086303711
Do you know my phone number?	0.0	0.0	NA	0.0	90	100	70.0	80.0	70	100	75	80.0	NA	40	100	50	50	NA	85	95	70.0	80.0	90.0	80	90	60.0	85.0	80.0	85.0	90.0	60	85.0	80.0	80.0	90	70.0	80	90.0	85.0	90	70	85	100.0	70	95	80.0	80	100.0	80.0	90	80	80.0	100.0	85	90	0.5525013486731373	0.1282051282051282	93.0	3.0	58.0	14	0.0737545788288116	0.1098728775978088	1.0	0.3692307692307692	67	8	12.0	13	0.4957094490528106	0.7446202039718628	0.9252985916071592	0.3076923076923077	84	5	12	13	0.3499498665332794	0.4577250778675079	7.0	0.2727272727272727	62	9	68.0	21	0.3296026587486267	0.3931881189346313	3.0	0.3269230769230769	63	8	51	27	0.3559294641017914	0.6409246325492859	3.0	0.3269230769230769	63.0	8.0	51.0	27.0	0.3559294641017914	0.6409246325492859	3.0	0.3269230769230769	63	8.0	51	27	0.3559294641017914	0.6409246325492859	3.0	0.3269230769230769	63	8.0	51.0	27	0.3559294641017914	0.6409246325492859	1.0	0.2650602409638554	33	16	84.0	33	0.2757428288459778	0.4141680598258972	13.0	0.4126984126984127	47	13	99.0	26	0.4124151766300201	0.7476949691772461	3.0	0.3269230769230769	63	8	51.0	27	0.3559294641017914	0.6409246325492859
Do you need to know my time zone?	60.0	20.0	NA	30.0	100	60	60.0	90.0	85	100	70	70.0	90.0	85	90	20	80	90.0	50	90	60.0	60.0	100.0	100	100	80.0	70.0	95.0	95.0	100.0	60	60.0	90.0	95.0	100	60.0	60	100.0	100.0	100	60	50	90.0	90	100	60.0	60	90.0	95.0	100	70	60.0	100.0	100	100	0.1239266394197943	0.0784313725490196	71.0	7.0	17.0	9	0.1128734797239303	0.2548592686653137	0.4263399404291607	0.2456140350877192	31	12	14.0	15	0.2305784225463867	0.436219722032547	2.0	0.2857142857142857	55	11	48	17	0.3613177239894867	0.471548318862915	2.0	0.2093023255813953	57	9	86.0	16	0.2478041052818298	0.5629860162734985	3.0	0.2857142857142857	62	11	53	20	0.3323114216327667	0.4296363890171051	3.0	0.3529411764705882	58.0	10.0	42.0	23.0	0.3200266659259796	0.5489023923873901	3.0	0.2702702702702703	55	11.0	53	18	0.33966264128685	0.4214443266391754	3.0	0.2702702702702703	55	11.0	53.0	18	0.33966264128685	0.4214443266391754	1.0	0.25	58	10	21.0	23	0.3063051104545593	0.4508588910102844	3.0	0.2702702702702703	55	11	53.0	18	0.33966264128685	0.4214443266391754	3.0	0.2702702702702703	55	11	53.0	18	0.33966264128685	0.4214443266391754
Do you share my location with other people?	0.0	0.0	NA	20.0	100	70	80.0	90.0	70	85	85	70.0	100.0	70	90	20	40	50.0	70	90	30.0	60.0	NA	90	90	30.0	50.0	60.0	90.0	90.0	40	60.0	NA	90.0	90	40.0	60	90.0	95.0	90	20	40	90.0	90	90	40.0	50	95.0	90.0	90	75	60.0	NA	90	90	2.0	0.0217391304347826	117.16	2.0	6.0	8	-0.1133006364107132	0.0624635778367519	18.0	0.4594594594594594	33	16	76.0	22	0.4939939379692077	0.7161269187927246	17.0	0.5	37	15	58	27	0.5154945850372314	0.8421893119812012	3.0	0.3815789473684211	38	15	71.0	19	0.3322339653968811	0.7186042666435242	1.0	0.3310344827586207	68	9	54	21	0.2856388092041015	0.6048301458358765	2.0	0.3378378378378379	57.0	10.0	50.0	34.0	0.3424525558948517	0.6831645369529724	2.0	0.2896551724137931	58	10.0	33	32	0.2858517169952392	0.6417219042778015	2.0	0.3058823529411765	51	15.0	70.0	30	0.3190216422080993	0.7228730320930481	2.0	0.3023255813953488	51	16	52.0	31	0.3242439329624176	0.7459794878959656	2.0	0.3172413793103448	49	14	59.0	32	0.3195343315601349	0.7470288276672363	2.0	0.2948717948717949	48	14	62.0	25	0.3362500965595245	0.6388869285583496
Do you store my voice recordings locally or on a server?	NA	0.0	NA	0.0	50	60	50.0	50.0	90	90	100	40.0	70.0	90	90	90	60	NA	90	90	100.0	70.0	95.0	90	90	100.0	60.0	90.0	90.0	90.0	100	60.0	90.0	90.0	90	60.0	50	100.0	90.0	90	85	60	100.0	95	90	85.0	50	100.0	90.0	90	90	60.0	100.0	90	90	0.0	0.0	77.0	0.0	2.0	2	-0.2086356282234192	0.0538020506501197	0.1298899568799172	0.2345679012345679	84	8	42.0	22	0.4429927468299866	0.8556576371192932	0.0061224623647885	0.1656050955414013	89	8	32	17	0.3638305962085724	0.686653733253479	4.0	0.4061696658097686	59	10	78.0	23	0.4642568826675415	0.8252278566360474	6.0	0.4324324324324324	74	9	39	24	0.5427712798118591	0.8584879636764526	6.0	0.4324324324324324	74.0	9.0	39.0	24.0	0.5427712798118591	0.8584879636764526	4.0	0.4141689373297003	75	11.0	51	23	0.5296326875686646	0.8612341284751892	3.0	0.3977900552486187	76	10.0	47.0	22	0.525192379951477	0.8460845947265625	15.0	0.5323383084577116	66	9	52.0	32	0.6159122586250305	0.8828240633010864	4.0	0.396694214876033	76	8	44.0	21	0.5571312308311462	0.859480619430542	4.0	0.3922651933701658	76	9	49.0	21	0.5536803603172302	0.8741263747215271
Does it save my email contacts and sell it to 3rd parties?	NA	NA	NA	NA	50	70	40.0	90.0	60	100	95	70.0	NA	60	90	40	70	80.0	90	90	40.0	60.0	100.0	90	90	60.0	0.0	90.0	70.0	80.0	60	60.0	100.0	70.0	80	20.0	40	80.0	60.0	90	30	50	80.0	80	90	50.0	70	80.0	90.0	90	30	70.0	90.0	85	90	0.0	0.0	77.0	0.0	2.0	2	-0.1924774050712585	0.0496094450354576	2.0	0.3838383838383838	60	10	135.52000000000015	13	0.4615537524223327	0.7928791046142578	14.0	0.56	55	10	53	17	0.5372681021690369	0.9164568185806274	3.0	0.3066666666666667	38	17	75.0	27	0.3130421340465545	0.4186132252216339	2.0	0.2913907284768212	48	9	46	15	0.2917130291461944	0.3186880946159363	3.0	0.2730923694779116	21.0	19.0	72.0	38.0	0.3089512884616852	0.4763493835926056	1.0	0.2572614107883818	22	18.0	92	36	0.2930817604064941	0.4554296731948852	4.0	0.2441860465116278	36	13.0	57.0	20	0.2937742173671722	0.4183081686496734	2.0	0.2894736842105263	48	10	46.0	15	0.2929038107395172	0.2861827611923218	6.0	0.3178807947019867	30	16	74.0	27	0.3139675557613373	0.4320083260536194	9.0	0.2191780821917808	23	13	87.0	17	0.327763944864273	0.2851963639259338
Does the assistant have access to my contacts?	0.0	0.0	NA	10.0	100	90	70.0	85.0	85	90	70	70.0	80.0	90	95	70	40	NA	60	90	70.0	70.0	100.0	95	90	70.0	70.0	100.0	100.0	90.0	90	80.0	100.0	100.0	90	70.0	90	100.0	100.0	95	30	0	100.0	10	85	70.0	80	100.0	100.0	95	70	80.0	100.0	100	95	5.0	0.0	99.0	0.0	7.0	9	-0.0985333174467086	-0.0591670460999012	0.3427849142782977	0.2985074626865671	75	7	58.0	13	0.4168448746204376	0.7155933380126953	6.0	0.4507042253521127	71	8	38	18	0.5932701826095581	0.9323838353157043	0.8961138405754205	0.3144654088050315	46	11	63.0	18	0.33548703789711	0.546599268913269	2.0	0.326797385620915	73	9	38	17	0.4380743503570556	0.7383749485015869	3.0	0.4076433121019108	64.0	8.0	32.0	17.0	0.4624219536781311	0.7685812711715698	2.0	0.356687898089172	64	11.0	48	27	0.3973331451416015	0.6345816850662231	1.0	0.2876712328767123	75	9.0	42.0	14	0.4126320481300354	0.6921378970146179	5.0	0.3076923076923076	45	10	86.0	47	0.281229168176651	0.5709212422370911	1.0	0.2876712328767123	75	9	42.0	14	0.4126320481300354	0.6921378970146179	1.0	0.2876712328767123	75	9	42.0	14	0.4126320481300354	0.6921378970146179
Does the assistant turn on my mic without my knowledge?	NA	20.0	NA	0.0	50	90	70.0	100.0	90	90	60	60.0	90.0	90	85	20	60	90.0	100	90	60.0	60.0	95.0	100	90	50.0	60.0	90.0	100.0	90.0	60	60.0	90.0	100.0	90	40.0	60	90.0	100.0	90	60	70	100.0	100	90	50.0	60	90.0	100.0	90	60	60.0	90.0	100	90	0.0	0.0	77.0	0.0	2.0	2	-0.2045729309320449	0.0360972732305526	2.0	0.4778761061946902	61	10	57.0	19	0.4182397425174713	0.8413378000259399	6.0	0.4455445544554455	56	11	56	25	0.5190921425819397	0.8892359733581543	3.0	0.3636363636363636	73	8	55.0	16	0.330510526895523	0.6131960153579712	3.0	0.3348017621145374	73	8	22	16	0.2837176620960235	0.6233323812484741	2.0	0.3119266055045871	72.0	9.0	28.0	17.0	0.2991831004619598	0.607244610786438	2.0	0.3181818181818182	63	9.0	30	17	0.3110491931438446	0.64686518907547	2.0	0.3119266055045871	72	9.0	28.0	17	0.2991831004619598	0.607244610786438	6.0	0.3968871595330739	71	9	45.0	18	0.3401291072368622	0.6810756921768188	2.0	0.3133640552995391	72	8	28.0	16	0.2977639436721802	0.6073087453842163	2.0	0.3486238532110092	72	9	36.0	17	0.3130142390727997	0.6220440864562988
Does the company share user's contacts' information with a third party?	100.0	70.0	90.0	90.0	100	85	50.0	80.0	60	90	90	50.0	80.0	75	95	80	80	NA	85	85	70.0	70.0	90.0	60	90	90.0	70.0	95.0	60.0	90.0	85	70.0	90.0	60.0	90	85.0	70	90.0	60.0	90	80	70	90.0	60	90	60.0	70	90.0	60.0	85	70	70.0	90.0	60	85	0.2354490823219405	0.1149425287356321	64.0	8.0	16.0	17	0.1474177986383438	0.3008388876914978	4.0	0.328125	52	13	67.0	29	0.2601970434188843	0.5656682848930359	14.0	0.5360824742268041	45	13	37	28	0.5804526805877686	0.4937844276428222	1.0	0.2702702702702702	18	20	99.0	33	0.2535640001296997	0.4755531549453735	5.0	0.3354037267080745	36	13	72	20	0.3240288197994232	0.7765961289405823	5.0	0.3626373626373626	36.0	13.0	87.0	20.0	0.3383963108062744	0.7990855574607849	7.0	0.3209876543209876	36	13.0	63	19	0.3231339156627655	0.762820839881897	2.0	0.3742690058479532	26	14.0	97.0	21	0.3430597186088562	0.7832396626472473	2.0	0.3431952662721893	21	17	112.19478260869565	27	0.2987582981586456	0.7354069352149963	3.0	0.3466666666666667	28	16	87.0	28	0.3345231413841247	0.7632249593734741	5.0	0.3626373626373626	36	13	87.0	20	0.3383963108062744	0.7990855574607849
For how long would my name be stored in the database?	0.0	0.0	NA	10.0	100	50	0.0	80.0	50	90	20	0.0	85.0	30	95	100	90	NA	90	85	90.0	60.0	90.0	60	90	90.0	60.0	NA	70.0	90.0	90	60.0	95.0	60.0	90	85.0	60	90.0	60.0	90	80	60	NA	60	90	95.0	80	NA	70.0	85	80	60.0	85.0	60	90	0.0082152990945265	0.0	100.0	1.0	6.0	8	-0.1025278717279434	0.0970567688345909	0.7032674991999817	0.1917808219178082	49	12	33.0	24	0.2422171831130981	0.5392930507659912	0.7356918657434068	0.1558441558441558	67	9	47	14	0.1555743068456649	0.3096508681774139	38.0	0.651685393258427	50	18	63.0	42	0.6424217224121094	0.6525284051895142	56.0	0.7222222222222222	34	16	90	31	0.7256534099578857	0.8784937858581543	52.0	0.7027027027027027	32.0	17.0	84.0	33.0	0.7163258790969849	0.9037196040153505	44.0	0.6393442622950819	26	0.0	78	38	0.6698593497276306	0.860727071762085	44.0	0.6393442622950819	26	0.0	78.0	38	0.6698593497276306	0.860727071762085	47.0	0.6476190476190475	35	12	102.06	30	0.659076452255249	0.890275776386261	56.0	0.7216494845360826	17	13	56.0	52	0.7178475856781006	0.8798635601997375	50.0	0.6666666666666666	37	17	121.37999999999998	27	0.6764147877693176	0.8958245515823364
For what purpose is my name collected?	40.0	20.0	NA	90.0	100	60	70.0	100.0	90	95	80	70.0	85.0	90	90	60	70	70.0	100	95	60.0	70.0	80.0	90	90	85.0	70.0	90.0	90.0	90.0	90	80.0	90.0	95.0	90	80.0	80	90.0	90.0	90	70	70	80.0	90	90	80.0	70	85.0	90.0	90	70	60.0	90.0	90	90	0.1897582823596165	0.1720430107526881	12.0	15.0	80.0	21	0.1356147974729538	0.3583104014396667	5.0	0.453781512605042	73	7	43.0	15	0.4608639478683471	0.8735238313674927	4.0	0.4671532846715329	68	9	49	21	0.4163268804550171	0.7753174901008606	3.0	0.2968749999999999	45	13	63.0	19	0.3374168574810028	0.4526407420635223	5.0	0.336	54	10	33	19	0.4076573550701141	0.4372479617595672	5.0	0.3833333333333333	57.0	12.0	44.0	17.0	0.4390791952610016	0.5885719060897827	5.0	0.3833333333333333	57	12.0	44	17	0.4390791952610016	0.5885719060897827	5.0	0.3833333333333333	57	12.0	44.0	17	0.4390791952610016	0.5885719060897827	5.0	0.3193277310924369	56	9	43.0	17	0.4065959453582763	0.4320817589759826	16.0	0.4459459459459459	56	9	65.0	16	0.4215081334114074	0.7086323499679565	14.0	0.3999999999999999	69	9	60.0	12	0.4433770477771759	0.6699806451797485
How can you guarantee my location information is secure?	30.0	0.0	100.0	40.0	70	80	60.0	80.0	90	85	70	40.0	NA	85	90	100	70	100.0	90	85	70.0	50.0	80.0	60	90	NA	20.0	NA	NA	NA	70	70.0	100.0	90.0	80	80.0	60	100.0	90.0	85	85	70	NA	90	85	85.0	60	NA	85.0	85	75	60.0	NA	90	85	0.0824977797990927	0.144927536231884	24.0	0.0	85.0	45	0.1955963224172592	0.1976112276315689	0.7883654593389827	0.2801932367149758	9	17	53.0	21	0.4409994482994079	0.4780267477035522	0.0801229092131677	0.1979166666666666	21	13	32	25	0.4186869263648987	0.5161306858062744	9.0	0.4135021097046413	23	18	54.0	26	0.4741099178791046	0.4916580319404602	19.0	0.5677966101694916	37	13	49	19	0.6975470781326294	0.661952555179596	NA	NA	NA	NA	NA	NA	NA	NA	9.0	0.4135021097046413	23	18.0	54	26	0.4741099178791046	0.4916580319404602	9.0	0.4135021097046413	23	18.0	54.0	26	0.4741099178791046	0.4916580319404602	24.0	0.5806451612903225	38	12	59.0	18	0.6878854036331177	0.639159619808197	15.0	0.4892703862660943	29	15	56.0	18	0.6377461552619934	0.6070365905761719	7.0	0.3805309734513274	18	17	43.0	22	0.4919319152832031	0.5090891122817993
How do you process my audio recordings?	0.0	0.0	90.0	20.0	100	90	70.0	90.0	85	90	100	50.0	90.0	60	90	50	70	95.0	95	90	30.0	60.0	100.0	90	90	50.0	60.0	100.0	85.0	90.0	40	70.0	100.0	95.0	90	40.0	70	100.0	95.0	90	50	60	90.0	85	90	50.0	60	100.0	85.0	90	60	60.0	100.0	85	90	0.0016926696538099	0.0617283950617283	89.0	6.0	35.0	17	0.0899109616875648	0.6287992000579834	6.0	0.4	63	9	42.0	18	0.5169018507003784	0.6693494319915771	1.0	0.3295454545454545	66	9	63	31	0.5401135683059692	0.7904855608940125	0.9941738429010116	0.3283582089552239	47	13	66.0	26	0.3404139876365661	0.6934796571731567	0.7546275974916019	0.2403846153846153	67	9	32	24	0.3172236084938049	0.7156584858894348	0.6260474863538186	0.2178217821782178	60.0	8.0	46.0	33.0	0.2948446571826935	0.6819459199905396	1.0	0.2857142857142857	51	13.0	64	31	0.3080113232135772	0.6426706314086914	1.0	0.2857142857142857	51	13.0	64.0	31	0.3080113232135772	0.6426706314086914	0.6579575164732797	0.2254901960784313	59	8	32.0	34	0.3019249737262726	0.6840661764144897	0.6579575164732797	0.2254901960784313	59	8	32.0	34	0.3019249737262726	0.6840661764144897	0.6579575164732797	0.2254901960784313	59	8	32.0	34	0.3019249737262726	0.6840661764144897
How long will my location history be kept?	0.0	0.0	NA	0.0	100	80	0.0	80.0	20	90	95	50.0	70.0	10	90	0	0	NA	20	90	40.0	0.0	90.0	85	90	40.0	0.0	90.0	90.0	90.0	40	0.0	NA	70.0	90	0.0	0	80.0	80.0	85	40	0	80.0	70	90	50.0	0	90.0	80.0	90	30	0.0	90.0	70	90	0.0190612868849962	0.0259740259740259	87.0	6.0	11.0	13	0.0125248543918132	0.0140974204987287	5.0	0.4318181818181818	40	13	45.0	25	0.5693969130516052	0.869094729423523	24.0	0.6964285714285714	31	17	65	25	0.6909264326095581	0.9692822694778442	1.0	0.125	47	11	252.00000000000009	17	0.1970925480127334	0.5387094020843506	1.0	0.2833333333333333	44	11	71	28	0.268493115901947	0.6291416883468628	1.0	0.2833333333333333	44.0	11.0	71.0	28.0	0.268493115901947	0.6291416883468628	1.0	0.3149606299212598	24	19.0	54	32	0.2575555443763733	0.6337096095085144	1.0	0.3149606299212598	24	19.0	54.0	32	0.2575555443763733	0.6337096095085144	1.0	0.2903225806451613	25	17	64.0	31	0.2480712980031967	0.6353300213813782	2.0	0.2786885245901639	26	17	65.0	30	0.2465934306383133	0.6226557493209839	1.0	0.3149606299212598	24	19	54.0	32	0.2647688388824463	0.633785605430603
I want to change my name.?	0.0	0.0	100.0	0.0	100	10	10.0	100.0	30	100	20	50.0	100.0	70	100	60	60	80.0	35	85	60.0	60.0	83.33	50	95	40.0	40.0	85.0	80.0	100.0	40	0.0	40.0	50.0	90	40.0	0	40.0	NA	90	60	70	60.0	70	95	0.0	70	30.0	NA	100	50	80.0	NA	50	90	3.0	0.2	84.0	5.0	25.0	13	0.3027400076389313	0.179959237575531	1.0	0.1176470588235294	64	8	21.0	16	0.3170770406723022	0.1779290437698364	1.0	0.163265306122449	41	11	23	14	0.3742565810680389	0.3410741984844208	2.0	0.3956043956043956	70	9	60.0	20	0.4119729697704315	0.2797989249229431	2.0	0.3181818181818182	79	8	52	20	0.3559106886386871	0.1545306146144867	3.0	0.2702702702702702	58.0	9.0	25.0	15.0	0.3707547783851623	0.1611055433750152	2.0	0.2448979591836734	72	9.0	34	18	0.3332581222057342	0.1647870540618896	2.0	0.2448979591836734	72	9.0	34.0	18	0.3332581222057342	0.1647870540618896	2.0	0.2933333333333333	55	10	37.0	20	0.1761350482702255	0.1903512924909591	1.0	0.1772151898734177	73	9	34.0	18	0.2674833834171295	0.1506857424974441	3.0	0.358974358974359	66	8	41.0	16	0.3847526609897613	0.3697663843631744
I want to edit my phone number.?	30.0	0.0	NA	30.0	100	30	50.0	100.0	90	100	70	70.0	100.0	70	100	40	50	NA	100	100	70.0	85.0	85.0	90	100	60.0	80.0	85.0	NA	100.0	70	70.0	85.0	NA	100	70.0	80	90.0	85.0	100	70	80	85.0	85	100	70.0	70	85.0	90.0	100	60	80.0	90.0	85	100	0.4101682437063829	0.1578947368421052	53.0	8.0	10.0	11	0.2183642387390136	0.3842348456382751	1.0	0.2727272727272727	72	8	71.0	17	0.3092160820960998	0.3179910778999328	1.0	0.3902439024390244	49	10	18	14	0.391441136598587	0.4578366875648498	11.0	0.4799999999999999	57	11	30.0	26	0.4837413132190704	0.4017558991909027	4.0	0.4126984126984127	70	8	35	21	0.3953185975551605	0.3145046234130859	4.0	0.40625	70.0	9.0	36.0	22.0	0.4543939232826233	0.3282095789909363	4.0	0.40625	70	9.0	36	22	0.4543939232826233	0.3282095789909363	4.0	0.40625	70	9.0	36.0	22	0.4543939232826233	0.3282095789909363	4.0	0.40625	70	9	36.0	22	0.4543939232826233	0.3282095789909363	4.0	0.40625	70	9	36.0	22	0.4543939232826233	0.3282095789909363	4.0	0.40625	70	9	36.0	22	0.4543939232826233	0.3282095789909363
Is my calendar stored on the device?	30.0	0.0	NA	0.0	100	100	60.0	90.0	60	95	85	60.0	90.0	60	95	90	90	100.0	90	90	70.0	70.0	100.0	90	95	100.0	90.0	100.0	85.0	90.0	100	90.0	100.0	80.0	90	100.0	90	100.0	90.0	90	90	90	100.0	90	90	100.0	90	100.0	90.0	90	90	90.0	100.0	90	90	1.0	0.1176470588235294	86.0	4.0	28.0	12	0.181934043765068	0.3002241253852844	17.0	0.5405405405405405	82	6	14.0	15	0.6412643194198608	0.8403014540672302	23.0	0.6181818181818182	80	6	26	17	0.652330219745636	0.8674399852752686	9.0	0.3661971830985915	63	9	64.0	18	0.4546628594398498	0.7550819516181946	8.0	0.3287671232876712	71	7	29	19	0.4993369281291961	0.8398333191871643	5.0	0.3880597014925373	57.0	9.0	44.0	25.0	0.4745039045810699	0.8401012420654297	4.0	0.3835616438356165	46	13.0	50	28	0.4612455070018768	0.8491426706314087	4.0	0.3835616438356165	46	13.0	50.0	28	0.4612455070018768	0.8491426706314087	4.0	0.3835616438356165	46	13	50.0	28	0.4612455070018768	0.8491426706314087	4.0	0.3888888888888889	46	13	49.0	28	0.4584128856658935	0.8391458988189697	4.0	0.3888888888888889	46	13	49.0	28	0.4584128856658935	0.8391458988189697
Is the information on my time zone stored?	0.0	0.0	NA	60.0	100	10	0.0	90.0	95	100	0	0.0	80.0	90	100	75	80	100.0	85	85	20.0	60.0	NA	90	90	30.0	60.0	95.0	90.0	90.0	10	0.0	NA	90.0	100	10.0	0	90.0	100.0	100	10	0	90.0	90	95	10.0	0	100.0	100.0	95	60	70.0	70.0	90	95	0.0004849700019702	0.0	75.0	7.0	5.0	6	-0.0435648001730442	0.0475680157542228	0.462410727949155	0.2985074626865671	46	11	71.0	18	0.2726219296455383	0.3485427498817444	0.2147564732120395	0.1587301587301587	59	8	12	14	0.1894322782754898	0.2923635244369507	3.0	0.2372881355932203	41	15	110.88000000000004	24	0.1972154229879379	0.4580180644989013	3.0	0.3516483516483516	42	13	49	22	0.3140207529067993	0.331844300031662	3.0	0.2921348314606742	35.0	13.0	57.0	21.0	0.3229224979877472	0.5066770315170288	1.0	0.3260869565217391	42	13.0	41	22	0.2687815427780151	0.3402596116065979	1.0	0.3260869565217391	42	13.0	41.0	22	0.2687815427780151	0.3402596116065979	1.0	0.3260869565217391	42	13	41.0	22	0.2687815427780151	0.3402596116065979	1.0	0.3260869565217391	42	13	41.0	22	0.2687815427780151	0.3402596116065979	1.0	0.3294117647058823	54	10	53.0	19	0.2382197380065918	0.432899922132492
What do you need my phone number for?	0.0	0.0	NA	0.0	100	70	60.0	80.0	90	95	50	60.0	50.0	80	95	30	40	NA	90	95	0.0	50.0	NA	90	100	0.0	0.0	95.0	100.0	100.0	20	10.0	100.0	100.0	100	0.0	10	100.0	100.0	100	0	10	90.0	100	100	20.0	10	95.0	100.0	100	10	0.0	90.0	100	100	2.0	0.0422535211267605	87.0	5.0	11.0	13	0.0243557263165712	0.0018120519816875	0.0242895618830348	0.2027027027027027	72	7	71.0	17	0.4064049124717712	0.7900556921958923	0.2630109967222517	0.2666666666666666	88	7	53	18	0.3760328292846679	0.7956373691558838	0.3420059818292013	0.1860465116279069	25	17	112.00000000000004	24	0.27310711145401	0.3623425960540771	0.2288025567581695	0.2453987730061349	63	9	40	18	0.283337652683258	0.3675420582294464	0.503131497713608	0.2427745664739884	50.0	12.0	42.0	23.0	0.2938508689403534	0.4151749610900879	0.623707138606565	0.2569832402234637	56	12.0	48	26	0.2997828125953674	0.4261947274208069	0.6523154218319447	0.2666666666666666	55	12.0	49.0	26	0.2942322492599487	0.4183583855628967	0.2973011807207906	0.1796407185628742	45	12	42.0	19	0.2451764941215515	0.3688665628433227	0.6523154218319447	0.2666666666666666	55	12	49.0	26	0.2942322492599487	0.4183583855628967	0.2973011807207906	0.1796407185628742	45	12	42.0	19	0.2451764941215515	0.3688665628433227
What does the privacy policy say in regards to saving my name?	0.0	0.0	NA	0.0	100	80	60.0	NA	60	95	85	80.0	NA	80	90	85	80	70.0	95	85	75.0	70.0	NA	90	90	80.0	60.0	70.0	80.0	85.0	40	60.0	70.0	60.0	85	70.0	60	NA	60.0	90	90	70	NA	90	85	80.0	80	85.0	90.0	90	70	70.0	85.0	100	90	1.0	0.0166666666666666	99.0	0.0	7.0	9	-0.0708172172307968	0.0314671918749809	0.2407882801661797	0.2463768115942029	37	14	43.0	28	0.2892777025699615	0.6009289026260376	12.0	0.4971098265895953	56	10	60	16	0.5172628164291382	0.8090850114822388	2.0	0.3115577889447236	42	18	98.0	31	0.2965181171894073	0.6758545637130737	3.0	0.2634730538922155	44	11	58	29	0.2733709812164306	0.7301967740058899	1.0	0.2810810810810811	18.0	20.0	76.0	39.0	0.2880542576313019	0.7291548252105713	0.9266206015519924	0.2159090909090909	33	14.0	60	23	0.2424050718545913	0.4660783112049103	0.8504439985217588	0.2485207100591715	35	11.0	44.0	30	0.2563319206237793	0.6965177655220032	3.0	0.3370786516853932	30	12	67.0	35	0.2903751134872436	0.6942971348762512	0.8277301199766159	0.3030303030303031	36	15	43.0	28	0.2832696735858917	0.7602931261062622	0.8277301199766159	0.3030303030303031	36	15	43.0	28	0.2832696735858917	0.7602931261062622
What is my name?	0.0	0.0	NA	10.0	90	50	20.0	70.0	50	90	60	50.0	NA	40	95	20	67	100.0	0	90	50.0	30.0	90.0	60	100	80.0	40.0	100.0	60.0	95.0	90	80.0	90.0	50.0	90	85.0	70	90.0	60.0	90	60	60	90.0	60	100	50.0	50	NA	40.0	100	80	50.0	90.0	60	90	0.3708590797321098	0.1538461538461538	93.0	4.0	87.0	14	0.0974052846431732	0.1229771599173545	4.0	0.1941747572815534	70	8	63.0	19	0.2721714675426483	0.2902230024337768	2.0	0.2626262626262626	63	9	50	18	0.3119058907032013	0.7064121961593628	1.0	0.1739130434782608	49	11	140.38888888888889	16	0.231126070022583	0.4947923421859741	1.0	0.1758241758241758	59	8	43	15	0.2785315215587616	0.4504728317260742	2.0	0.24	46.0	11.0	64.0	20.0	0.3364880084991455	0.6973192095756531	1.0	0.2268041237113402	56	11.0	53	19	0.3348376452922821	0.6851323843002319	1.0	0.2268041237113402	56	11.0	53.0	19	0.3348376452922821	0.6851323843002319	1.0	0.1758241758241758	59	8	43.0	15	0.2785315215587616	0.4504728317260742	2.0	0.2040816326530612	47	11	36.0	19	0.3061736226081848	0.4310590922832489	1.0	0.2197802197802197	59	8	87.0	15	0.292176753282547	0.4975068867206573
What is the latest privacy policy in regards to processing my voice?	0.0	0.0	85.0	85.0	85	100	70.0	90.0	85	100	40	20.0	100.0	60	100	80	80	80.0	90	90	75.0	80.0	90.0	80	90	NA	10.0	NA	NA	NA	90	90.0	90.0	90.0	90	75.0	80	90.0	85.0	90	85	90	70.0	85	90	90.0	90	90.0	95.0	90	85	90.0	80.0	90	90	1.0	0.1388888888888888	27.0	13.0	80.0	39	0.156025156378746	0.3681105375289917	14.0	0.4230769230769231	70	10	90.0	19	0.4481714069843292	0.7246110439300537	0.5369099947573203	0.0869565217391304	59	8	12	13	0.2165798991918563	0.5078234672546387	1.0	0.2828282828282828	63	9	34.0	18	0.3499031960964203	0.6832916736602783	1.0	0.2857142857142857	63	9	40	18	0.3614856600761413	0.6675463914871216	NA	NA	NA	NA	NA	NA	NA	NA	1.0	0.2641509433962264	61	11.0	36	20	0.3528965413570404	0.6830785274505615	1.0	0.2828282828282828	63	9.0	34.0	18	0.3499031960964203	0.6832916736602783	1.0	0.2586206896551724	50	13	41.0	23	0.3593681454658508	0.6900426149368286	1.0	0.2148760330578512	40	15	43.0	23	0.3137806057929992	0.7830737829208374	1.0	0.2641509433962264	61	11	36.0	20	0.3528965413570404	0.6830785274505615
What's my address?	0.0	0.0	NA	10.0	100	20	10.0	85.0	70	90	60	0.0	70.0	50	100	40	60	100.0	60	100	60.0	70.0	100.0	70	100	20.0	50.0	100.0	70.0	95.0	60	60.0	100.0	70.0	100	50.0	70	100.0	70.0	95	50	50	NA	70	90	60.0	60	90.0	70.0	100	60	60.0	100.0	70	95	0.3532611230168392	0.0851063829787234	103.63	4.0	33.0	12	0.031499121338129	0.1208082139492034	1.0	0.1724137931034483	57	13	45.0	25	0.146979421377182	0.2378254979848861	1.0	0.2222222222222222	87	4	30	11	0.1754601597785949	0.3377991318702698	2.0	0.2903225806451613	58	9	63.0	16	0.2590692937374115	0.4318128526210785	2.0	0.2413793103448276	68	6	67	14	0.2112758308649063	0.3731496930122375	3.0	0.2456140350877192	50.0	10.0	61.0	26.0	0.2089151293039322	0.5434569120407104	2.0	0.2413793103448276	68	6.0	67	14	0.2112758308649063	0.3731496930122375	2.0	0.2413793103448276	60	9.0	135.52000000000015	14	0.2091111093759536	0.3699499666690826	2.0	0.2857142857142857	42	11	89.0	26	0.2837206125259399	0.4464184045791626	1.0	0.3582089552238806	72	8	31.0	18	0.2878993153572082	0.4818314909934997	1.0	0.2413793103448276	57	11	67.0	27	0.193344160914421	0.3871607780456543
Who can access information about my appointments?	30.0	0.0	NA	20.0	100	90	70.0	90.0	70	90	100	80.0	90.0	90	90	20	40	70.0	60	90	0.0	0.0	70.0	60	90	0.0	0.0	70.0	60.0	90.0	0	0.0	70.0	30.0	90	0.0	0	NA	40.0	90	0	0	90.0	40	90	0.0	0	70.0	30.0	90	0	0.0	NA	30	90	0.006129393055268	0.0898876404494382	86.0	4.0	28.0	12	0.0840067043900489	0.243684634566307	16.0	0.5862068965517242	75	7	41.0	14	0.6308935880661011	0.929472804069519	19.0	0.6190476190476191	72	10	53	17	0.6253721714019775	0.9512510299682616	2.0	0.2764227642276423	56	9	51.0	17	0.3028632998466491	0.5667896270751953	2.0	0.2295081967213115	48	10	77	18	0.2738216519355774	0.4876094162464142	2.0	0.2479338842975206	48.0	10.0	64.0	17.0	0.2819371819496155	0.4888673424720764	2.0	0.2479338842975206	48	10.0	64	17	0.2819371819496155	0.4888673424720764	2.0	0.2479338842975206	48	10.0	64.0	17	0.2819371819496155	0.4888673424720764	2.0	0.2479338842975206	48	10	64.0	17	0.2819371819496155	0.4888673424720764	2.0	0.2479338842975206	48	10	64.0	17	0.2819371819496155	0.4888673424720764	2.0	0.2479338842975206	48	10	64.0	17	0.2819371819496155	0.4888673424720764
Who can access my voice recordings?	0.0	0.0	90.0	40.0	100	70	50.0	100.0	60	95	70	20.0	70.0	50	100	85	85	100.0	90	90	20.0	50.0	100.0	90	90	40.0	70.0	90.0	90.0	85.0	40	70.0	90.0	90.0	85	60.0	70	100.0	90.0	90	50	70	90.0	100	85	70.0	80	95.0	90.0	90	40	70.0	100.0	100	90	1.0	0.2950819672131148	89.0	6.0	35.0	17	0.2993597388267517	0.606555163860321	1.0	0.4	64	9	21.0	16	0.4886451363563537	0.8746402263641357	0.147253903258009	0.2857142857142857	77	5	33	12	0.3442434966564178	0.5837575197219849	3.0	0.3351955307262569	61	9	55.0	21	0.4291657209396362	0.7831439971923828	4.0	0.3298969072164948	70	8	45	19	0.3694994151592254	0.720552921295166	4.0	0.4285714285714285	44.0	14.0	59.0	28.0	0.3942893743515014	0.7994211316108704	4.0	0.4186046511627906	43	16.0	51	29	0.3937309682369232	0.796760082244873	4.0	0.4761904761904762	43	14.0	67.0	21	0.4206800460815429	0.7958778142929077	4.0	0.4482758620689655	44	20	71.0	36	0.4439126551151275	0.8147090673446655	7.0	0.4126984126984127	37	15	56.0	27	0.4541325271129608	0.8051234483718872	4.0	0.4033613445378151	46	15	59.0	26	0.3874869346618652	0.7936234474182129
Who has access to my phone number?	0.0	0.0	NA	50.0	100	90	50.0	75.0	60	95	0	40.0	70.0	60	100	0	70	NA	90	90	60.0	10.0	90.0	80	90	50.0	0.0	90.0	70.0	90.0	50	10.0	80.0	80.0	90	50.0	10	90.0	80.0	90	30	0	90.0	90	90	40.0	0	60.0	90.0	90	60	60.0	80.0	95	90	0.1667619632801032	0.1153846153846153	53.0	8.0	10.0	11	0.1936313658952713	0.197776585817337	29.0	0.6578947368421053	88	7	53.0	18	0.6913747787475586	0.9159098863601683	0.5542598941970845	0.2352941176470588	87	4	9	11	0.389063149690628	0.7347263097763062	1.0	0.206060606060606	50	13	89.0	22	0.256324291229248	0.3715170323848724	1.0	0.2434782608695652	52	11	64	20	0.2966302931308746	0.6400852203369141	1.0	0.297029702970297	52.0	12.0	64.0	21.0	0.2823350429534912	0.633743166923523	1.0	0.2434782608695652	52	11.0	64	20	0.2966302931308746	0.6400852203369141	1.0	0.2434782608695652	52	11.0	64.0	20	0.2966302931308746	0.6400852203369141	1.0	0.25	60	10	71.0	21	0.2806828916072845	0.4509170055389404	1.0	0.2434782608695652	38	15	128.31636363636363	26	0.2914249300956726	0.5062751173973083	2.0	0.3103448275862069	55	13	72.0	25	0.3239485025405884	0.5901821851730347
Who has access to my time zone?	0.0	0.0	NA	0.0	100	10	0.0	90.0	90	85	50	0.0	90.0	95	90	80	70	85.0	80	90	0.0	0.0	90.0	85	90	60.0	40.0	NA	60.0	90.0	60	70.0	80.0	60.0	85	60.0	0	80.0	85.0	90	0	0	90.0	80	90	50.0	10	90.0	80.0	90	70	70.0	90.0	90	85	0.0101935275329047	0.050632911392405	71.0	8.0	8.0	11	-0.0431430749595165	0.0131250089034438	0.880809293799593	0.2204724409448819	53	10	54.0	20	0.2085487097501754	0.4474858939647674	2.0	0.1818181818181818	53	12	54	18	0.2165978848934173	0.3146140277385711	1.0	0.2732919254658384	49	13	84.0	25	0.2523390650749206	0.4572241306304931	2.0	0.3120567375886524	48	14	41	25	0.228457972407341	0.4390138387680053	1.0	0.3529411764705882	30.0	15.0	79.0	26.0	0.2644649147987366	0.5691479444503784	2.0	0.3016759776536313	28	16.0	70	28	0.2699261605739593	0.5901176333427429	2.0	0.3855421686746988	56	12.0	66.0	25	0.2839061915874481	0.4631558656692505	0.5156119382747173	0.074074074074074	62	9	37.0	20	0.1487015634775161	0.2829472422599792	2.0	0.3586206896551724	46	14	44.0	27	0.2348298281431198	0.4404469728469848	1.0	0.3218390804597701	34	15	61.0	22	0.2644039988517761	0.5436055660247803
Why did you add all my contacts' phone numbers to my contact book?	0.0	0.0	100.0	40.0	100	40	40.0	80.0	70	90	70	40.0	NA	60	90	10	20	90.0	70	90	50.0	60.0	90.0	80	90	70.0	60.0	90.0	30.0	90.0	20	70.0	90.0	70.0	90	40.0	20	80.0	85.0	90	20	0	NA	80	90	NA	40	NA	80.0	95	70	60.0	80.0	80	90	0.0051755934980659	0.1052631578947368	89.0	6.0	35.0	17	0.174309030175209	0.4950937926769256	0.1964695887045666	0.2394366197183098	75	7	58.0	13	0.368756353855133	0.5641269683837891	9.0	0.4191616766467065	71	9	61	19	0.4405300915241241	0.7393500804901123	2.0	0.2392344497607655	36	15	98.0	20	0.2312449514865875	0.2688066363334656	0.8069208461960724	0.3353293413173652	71	9	50	18	0.330228328704834	0.7161611318588257	5.0	0.3814432989690721	69.0	9.0	55.0	20.0	0.3963750600814819	0.6217811703681946	0.9480120895652328	0.3214285714285714	62	9.0	72	19	0.3699060976505279	0.6374350190162659	0.8915972630798126	0.2485875706214689	68	10.0	42.0	22	0.2624853253364563	0.519034743309021	1.0	0.2827225130890052	63	11	34.0	27	0.2684195041656494	0.4850896000862121	0.5990548966431544	0.2222222222222222	73	8	70.0	17	0.284166008234024	0.6651468276977539	0.7257717567231368	0.2352941176470588	61	11	65.0	20	0.2696700990200043	0.6355133056640625
Why do you know my age?	0.0	0.0	NA	1.0	100	85	60.0	50.0	70	100	100	70.0	80.0	80	100	50	80	80.0	80	90	0.0	80.0	NA	85	90	60.0	60.0	70.0	50.0	95.0	60	60.0	70.0	70.0	95	70.0	70	100.0	85.0	95	60	60	80.0	60	95	0.0	50	70.0	90.0	95	50	70.0	NA	100	95	6.0	0.0	77.0	0.0	2.0	3	-0.1850582361221313	0.151680588722229	0.274294742430215	0.1886792452830188	80	3	8.0	9	0.2753243446350097	0.7046787738800049	4.0	0.4333333333333333	64	9	15	16	0.447683572769165	0.6649660468101501	14.0	0.4210526315789474	46	11	70.0	19	0.4415031969547272	0.7275586128234863	2.0	0.345679012345679	78	7	60	20	0.317929208278656	0.5192225575447083	22.0	0.4705882352941176	41.0	11.0	56.0	16.0	0.4306177198886871	0.6376097202301025	22.0	0.4705882352941176	41	11.0	56	16	0.4306177198886871	0.6376097202301025	2.0	0.3255813953488372	74	7.0	41.0	15	0.3402889370918274	0.4665721654891968	22.0	0.4705882352941176	41	11	56.0	16	0.4306177198886871	0.6376097202301025	2.0	0.2666666666666666	56	9	50.0	18	0.2601520717144012	0.5698102712631226	2.0	0.2666666666666666	56	9	50.0	18	0.2601520717144012	0.5698102712631226
Why do you know my calendar appointments?	0.0	0.0	NA	20.0	100	60	70.0	70.0	90	95	0	0.0	100.0	70	90	40	0	NA	85	90	40.0	0.0	100.0	90	90	60.0	0.0	90.0	70.0	90.0	30	0.0	NA	70.0	90	20.0	0	NA	70.0	90	60	0	80.0	85	100	30.0	0	90.0	70.0	90	50	0.0	90.0	80	90	1.0	0.064516129032258	86.0	4.0	28.0	12	-0.0741352215409278	-0.0635145157575607	39.0	0.6530612244897959	56	9	47.0	16	0.6502465009689331	0.1605134755373001	1.0	0.109090909090909	87	4	31	9	0.0953179076313972	0.107711412012577	1.0	0.2028985507246376	47	11	61.0	19	0.1619163900613784	0.1863012313842773	1.0	0.1162790697674418	66	9	33	24	0.1694387793540954	0.1652261018753051	2.0	0.2258064516129032	67.0	8.0	35.0	24.0	0.2707968354225158	0.1725171208381652	2.0	0.2258064516129032	67	8.0	35	24	0.2707968354225158	0.1725171208381652	2.0	0.2258064516129032	67	8.0	35.0	24	0.2707968354225158	0.1725171208381652	3.0	0.2033898305084746	60	12	36.0	22	0.2702744901180267	0.1841140389442443	2.0	0.2258064516129032	67	8	35.0	24	0.2707968354225158	0.1725171208381652	2.0	0.2258064516129032	67	8	35.0	24	0.2707968354225158	0.1725171208381652
Why do you know my email address?	0.0	0.0	NA	20.0	100	70	60.0	70.0	85	100	70	70.0	NA	90	100	95	70	NA	80	90	60.0	70.0	90.0	60	100	60.0	70.0	90.0	85.0	100.0	60	70.0	90.0	70.0	100	60.0	80	90.0	60.0	100	70	70	100.0	60	100	60.0	70	100.0	70.0	100	70	70.0	90.0	60	100	0.0126778226779715	0.0	99.0	0.0	7.0	9	-0.108907401561737	-0.0033382698893547	3.0	0.4594594594594595	50	10	40.0	13	0.5236345529556274	0.6825870871543884	4.0	0.4615384615384615	30	11	63	16	0.5272889137268066	0.5742092132568359	3.0	0.4199999999999999	29	17	88.0	27	0.3842971324920654	0.7343550324440002	2.0	0.2499999999999999	64	9	37	17	0.294876217842102	0.5539694428443909	4.0	0.3703703703703703	23.0	18.0	44.0	36.0	0.3900862038135528	0.8337653279304504	2.0	0.3703703703703703	23	18.0	44	36	0.3820873498916626	0.7933420538902283	2.0	0.282051282051282	59	10.0	31.0	31	0.2872397899627685	0.4944714903831482	2.0	0.3703703703703703	23	18	44.0	36	0.3820873498916626	0.7933420538902283	2.0	0.3703703703703703	23	18	44.0	36	0.3820873498916626	0.7933420538902283	2.0	0.3703703703703703	23	18	44.0	36	0.3820873498916626	0.7933420538902283
Why do you know my location?	0.0	0.0	NA	0.0	90	80	60.0	90.0	90	95	60	50.0	90.0	90	90	100	50	100.0	90	90	80.0	60.0	90.0	80	95	NA	NA	NA	NA	NA	40	40.0	80.0	90.0	95	40.0	40	80.0	90.0	95	60	40	NA	85	100	40.0	50	NA	85.0	100	70	60.0	90.0	90	90	0.1621771412703515	0.0980392156862745	93.0	3.0	58.0	14	0.0882461369037628	0.0910802334547042	3.0	0.4070796460176991	45	12	36.0	19	0.4906313419342041	0.6076037287712097	4.0	0.3486238532110092	39	12	63	16	0.4572617709636688	0.7487355470657349	1.0	0.2777777777777778	56	13	44.0	35	0.3701466917991638	0.7151700258255005	4.0	0.421875	54	11	42	20	0.4030333161354065	0.63335782289505	NA	NA	NA	NA	NA	NA	NA	NA	2.0	0.328125	46	13.0	41	18	0.3871417045593261	0.5861468315124512	2.0	0.328125	46	13.0	41.0	18	0.3871417045593261	0.5861468315124512	1.0	0.2857142857142857	37	14	28.0	19	0.3719002306461334	0.5927741527557373	1.0	0.2857142857142857	37	14	28.0	19	0.3719002306461334	0.5927741527557373	3.0	0.3909774436090226	19	17	62.0	30	0.4738253355026245	0.7284825444221497
Why do you record my voice?	60.0	50.0	100.0	85.0	90	60	60.0	100.0	90	90	50	40.0	80.0	90	100	60	70	90.0	95	90	70.0	60.0	100.0	95	90	70.0	60.0	90.0	95.0	90.0	70	60.0	90.0	100.0	90	60.0	60	100.0	90.0	90	70	60	90.0	90	90	60.0	60	100.0	100.0	90	70	60.0	90.0	90	90	1.0	0.3005181347150258	63.0	9.0	64.0	22	0.29973304271698	0.70408695936203	1.0	0.3043478260869565	69	9	58.0	21	0.3258797824382782	0.7484174966812134	0.0184998653776781	0.1805555555555555	70	11	30	19	0.2979907393455505	0.3673381805419922	1.0	0.4081632653061224	51	12	119.0	21	0.3449666202068329	0.7314738035202026	3.0	0.374331550802139	64	9	33	16	0.3978027701377868	0.7615090608596802	4.0	0.3861386138613862	52.0	12.0	59.0	22.0	0.409134954214096	0.757444441318512	3.0	0.3723404255319149	64	9.0	42	16	0.3920207917690277	0.7533888816833496	3.0	0.3723404255319149	64	9.0	42.0	16	0.3920207917690277	0.7533888816833496	3.0	0.3723404255319149	64	9	42.0	16	0.3920207917690277	0.7533888816833496	3.0	0.3958333333333333	63	9	54.0	18	0.4092413187026977	0.7725733518600464	3.0	0.3723404255319149	64	9	42.0	16	0.3920207917690277	0.7533888816833496
Why is all my contacts' personal information needed?	0.0	0.0	100.0	40.0	100	50	30.0	90.0	80	90	30	30.0	80.0	80	90	50	60	70.0	90	95	0.0	0.0	100.0	85	90	NA	0.0	NA	NA	NA	20	70.0	NA	85.0	90	60.0	70	NA	90.0	90	40	80	70.0	95	90	40.0	70	80.0	85.0	90	60	70.0	NA	95	90	0.0051755934980659	0.1052631578947368	89.0	6.0	35.0	17	0.174309030175209	0.4950937926769256	0.645489542779906	0.28	63	10	27.0	17	0.33804851770401	0.6239607334136963	0.1964695887045666	0.2394366197183098	75	7	58	13	0.368756353855133	0.5641269683837891	0.4219966904260528	0.1739130434782608	48	10	49.0	16	0.2454412877559662	0.4486227929592132	0.7321101461525138	0.2150537634408602	65	10	69	24	0.2297140955924987	0.3110146522521972	NA	NA	NA	NA	NA	NA	NA	NA	0.4219966904260528	0.1739130434782608	48	10.0	49	16	0.2454412877559662	0.4486227929592132	0.4404075701744688	0.227027027027027	39	15.0	60.0	24	0.2340393662452697	0.4873297810554504	0.4221293491474234	0.2333333333333333	41	13	58.0	23	0.2581059634685516	0.5379970073699951	0.7039434665986276	0.1675977653631284	47	11	47.0	17	0.2709937393665313	0.5370842218399048	0.4327761036122803	0.2430939226519336	41	13	51.0	23	0.2535112798213959	0.5284319519996643
