Question	Answer_Alexa_BLEU	Answer_Alexa_ROUGE	Answer_Alexa_Readability	Answer_Alexa_TextStat	Answer_Alexa_LexicalDiversity	Answer_Alexa_SentenceLength	Answer_Alexa_BERTScore	Answer_Alexa_STS	Designed_Answer_1_BLEU	Designed_Answer_1_ROUGE	Designed_Answer_1_Readability	Designed_Answer_1_TextStat	Designed_Answer_1_LexicalDiversity	Designed_Answer_1_SentenceLength	Designed_Answer_1_BERTScore	Designed_Answer_1_STS	Designed_Answer_2_BLEU	Designed_Answer_2_ROUGE	Designed_Answer_2_Readability	Designed_Answer_2_TextStat	Designed_Answer_2_LexicalDiversity	Designed_Answer_2_SentenceLength	Designed_Answer_2_BERTScore	Designed_Answer_2_STS	VanillaRAG_BLEU	VanillaRAG_ROUGE	VanillaRAG_Readability	VanillaRAG_TextStat	VanillaRAG_LexicalDiversity	VanillaRAG_SentenceLength	VanillaRAG_BERTScore	VanillaRAG_STS	RAG+RAIN_Flesh-Kincaid-Readability_BERT_FLESCH_READABILITY_BLEU	RAG+RAIN_Flesh-Kincaid-Readability_BERT_FLESCH_READABILITY_ROUGE	RAG+RAIN_Flesh-Kincaid-Readability_BERT_FLESCH_READABILITY_Readability	RAG+RAIN_Flesh-Kincaid-Readability_BERT_FLESCH_READABILITY_TextStat	RAG+RAIN_Flesh-Kincaid-Readability_BERT_FLESCH_READABILITY_LexicalDiversity	RAG+RAIN_Flesh-Kincaid-Readability_BERT_FLESCH_READABILITY_SentenceLength	RAG+RAIN_Flesh-Kincaid-Readability_BERT_FLESCH_READABILITY_BERTScore	RAG+RAIN_Flesh-Kincaid-Readability_BERT_FLESCH_READABILITY_STS	RAG+RAIN_Flesh-Kincaid-Readability_BERT_BERT_BLEU	RAG+RAIN_Flesh-Kincaid-Readability_BERT_BERT_ROUGE	RAG+RAIN_Flesh-Kincaid-Readability_BERT_BERT_Readability	RAG+RAIN_Flesh-Kincaid-Readability_BERT_BERT_TextStat	RAG+RAIN_Flesh-Kincaid-Readability_BERT_BERT_LexicalDiversity	RAG+RAIN_Flesh-Kincaid-Readability_BERT_BERT_SentenceLength	RAG+RAIN_Flesh-Kincaid-Readability_BERT_BERT_BERTScore	RAG+RAIN_Flesh-Kincaid-Readability_BERT_BERT_STS	RAG+RAIN_honesty_comprehensibility_DISHONESTY_BLEU	RAG+RAIN_honesty_comprehensibility_DISHONESTY_ROUGE	RAG+RAIN_honesty_comprehensibility_DISHONESTY_Readability	RAG+RAIN_honesty_comprehensibility_DISHONESTY_TextStat	RAG+RAIN_honesty_comprehensibility_DISHONESTY_LexicalDiversity	RAG+RAIN_honesty_comprehensibility_DISHONESTY_SentenceLength	RAG+RAIN_honesty_comprehensibility_DISHONESTY_BERTScore	RAG+RAIN_honesty_comprehensibility_DISHONESTY_STS	RAG+RAIN_honesty_comprehensibility_COMPREHENSIBILITY_BLEU	RAG+RAIN_honesty_comprehensibility_COMPREHENSIBILITY_ROUGE	RAG+RAIN_honesty_comprehensibility_COMPREHENSIBILITY_Readability	RAG+RAIN_honesty_comprehensibility_COMPREHENSIBILITY_TextStat	RAG+RAIN_honesty_comprehensibility_COMPREHENSIBILITY_LexicalDiversity	RAG+RAIN_honesty_comprehensibility_COMPREHENSIBILITY_SentenceLength	RAG+RAIN_honesty_comprehensibility_COMPREHENSIBILITY_BERTScore	RAG+RAIN_honesty_comprehensibility_COMPREHENSIBILITY_STS	RAG+MultiRAIN_correctness_readability_MULTIRAIN_BLEU	RAG+MultiRAIN_correctness_readability_MULTIRAIN_ROUGE	RAG+MultiRAIN_correctness_readability_MULTIRAIN_Readability	RAG+MultiRAIN_correctness_readability_MULTIRAIN_TextStat	RAG+MultiRAIN_correctness_readability_MULTIRAIN_LexicalDiversity	RAG+MultiRAIN_correctness_readability_MULTIRAIN_SentenceLength	RAG+MultiRAIN_correctness_readability_MULTIRAIN_BERTScore	RAG+MultiRAIN_correctness_readability_MULTIRAIN_STS	RAG+RAIN_correctness_readability_READABILITY_BLEU	RAG+RAIN_correctness_readability_READABILITY_ROUGE	RAG+RAIN_correctness_readability_READABILITY_Readability	RAG+RAIN_correctness_readability_READABILITY_TextStat	RAG+RAIN_correctness_readability_READABILITY_LexicalDiversity	RAG+RAIN_correctness_readability_READABILITY_SentenceLength	RAG+RAIN_correctness_readability_READABILITY_BERTScore	RAG+RAIN_correctness_readability_READABILITY_STS	RAG+RAIN_correctness_readability_CORRECTNESS_BLEU	RAG+RAIN_correctness_readability_CORRECTNESS_ROUGE	RAG+RAIN_correctness_readability_CORRECTNESS_Readability	RAG+RAIN_correctness_readability_CORRECTNESS_TextStat	RAG+RAIN_correctness_readability_CORRECTNESS_LexicalDiversity	RAG+RAIN_correctness_readability_CORRECTNESS_SentenceLength	RAG+RAIN_correctness_readability_CORRECTNESS_BERTScore	RAG+RAIN_correctness_readability_CORRECTNESS_STS
Can i delete my old calendar history?	0.32696535627478457	0.2222222222222222	115.13	3.0	7.0	8.0	0.11437337100505829	0.4442351460456848	2.3681007563963874	0.3529411764705882	91.11	6.0	54.88000000000004	16.0	0.3093301057815552	0.8631880283355713	2.058175093067536	0.41379310344827586	96.18	5.0	9.0	10.0	0.3922697603702545	0.9093756675720215	1.392190416318876	0.25	61.16	13.0	89.84888888888891	20.75	0.2387184202671051	0.8023332953453064	3.453783827607845	0.32352941176470584	64.04	10.0	46.0	26.5	0.25002411007881165	0.8202460408210754	4.674499231292217	0.2745098039215686	65.39	14.0	38.440000000000005	35.0	0.25020039081573486	0.8245435953140259	3.453783827607845	0.32352941176470584	64.04	10.0	46.0	26.5	0.25002411007881165	0.8202460408210754	3.453783827607845	0.32352941176470584	64.04	10.0	46.0	26.5	0.25002411007881165	0.8202460408210754	3.453783827607845	0.32352941176470584	64.04	10.0	46.0	26.5	0.25002411007881165	0.8202460408210754	3.453783827607845	0.32352941176470584	64.04	10.0	46.0	26.5	0.25002411007881165	0.8202460408210754	3.453783827607845	0.32352941176470584	64.04	10.0	46.0	26.5	0.25002411007881165	0.8202460408210754
Do i have choice or control options for my contacts' information?	0.04312361089581063	0.078125	43.73	14.0	111.99999999999991	22.0	0.2074640989303589	0.18925656378269196	6.069953561441972	0.46153846153846156	54.22	13.0	46.239999999999995	18.5	0.6904823184013367	0.954521894454956	0.7903088084045995	0.3555555555555555	57.77	10.0	34.02	14.5	0.542172908782959	0.8529067635536194	0.6129787380401779	0.1923076923076923	30.57	12.0	80.64000000000003	18.666666666666668	0.2896970808506012	0.44724488258361816	3.8670893354277354	0.368421052631579	82.34	6.0	30.409107876073165	17.666666666666668	0.48685160279273987	0.7833684086799622	3.896058321077974	0.3815789473684211	82.34	6.0	33.908256880733944	17.666666666666668	0.498165100812912	0.7793272733688354	3.665944994887061	0.37333333333333335	82.95	6.0	35.51851851851852	17.0	0.48032987117767334	0.7889761924743652	3.665944994887061	0.37333333333333335	82.95	6.0	35.51851851851852	17.0	0.48032987117767334	0.7889761924743652	3.8670893354277354	0.368421052631579	82.34	6.0	30.409107876073165	17.666666666666668	0.48685160279273987	0.7833684086799622	4.07858416300286	0.39473684210526316	82.34	6.0	33.908256880733944	17.666666666666668	0.5021494626998901	0.7813875675201416	3.8670893354277354	0.368421052631579	82.34	6.0	30.409107876073165	17.666666666666668	0.48685160279273987	0.7833684086799622
Can i hide my email address?	0.0	0.0	77.91	0.0	2.0	2.0	-0.21328887343406677	0.06967116892337799	2.5004973835805906	0.2978723404255319	70.29	7.0	33.69333333333333	11.0	0.32234853506088257	0.41299882531166077	1.6801599183119318	0.4	68.77	8.0	33.88000000000001	12.5	0.35633036494255066	0.41605961322784424	8.704940168751778	0.3950617283950617	61.97	11.0	44.04729729729729	20.333333333333332	0.3668057322502136	0.43189001083374023	7.1574654036634	0.3296703296703297	58.62	13.0	55.279411764705884	24.333333333333332	0.3793763816356659	0.34423840045928955	11.279843877349599	0.463768115942029	42.21	13.0	47.068000000000005	24.5	0.48694249987602234	0.5269503593444824	10.369816700638209	0.4	41.7	14.0	70.56000000000003	24.5	0.4632348418235779	0.4640660583972931	10.369816700638209	0.4	41.7	14.0	70.56000000000003	24.5	0.4632348418235779	0.4640660583972931	3.331314787994029	0.3333333333333333	48.43	12.0	61.7956204379562	26.0	0.42673996090888977	0.3504932224750519	11.279843877349599	0.463768115942029	42.21	13.0	47.068000000000005	24.5	0.4942125380039215	0.5236508250236511	7.71246847110492	0.367816091954023	51.89	13.0	81.22333333333333	22.666666666666668	0.4212242662906647	0.3794959783554077
I want to change my name.?	3.0825048541117517	0.2	84.68	5.0	25.44	13.5	0.3027400076389313	0.179959237575531	1.3815720096106128	0.11764705882352941	64.71	8.0	21.000000000000007	16.0	0.31707704067230225	0.17792904376983643	1.1975201064855634	0.163265306122449	41.36	11.0	23.660000000000004	14.0	0.37425658106803894	0.3410741984844208	2.0939634735597017	0.3956043956043956	70.43	9.0	60.50000000000001	20.666666666666668	0.4119729697704315	0.2797989249229431	2.6758470439490862	0.3181818181818182	79.6	8.0	52.0	20.333333333333332	0.35591068863868713	0.1545306146144867	3.2035618918014257	0.27027027027027023	58.58	9.0	25.716883550216885	15.333333333333334	0.37075477838516235	0.16110554337501526	2.0661822887602486	0.24489795918367346	72.66	9.0	34.215227817745806	18.0	0.33325812220573425	0.16478705406188965	2.0661822887602486	0.24489795918367346	72.66	9.0	34.215227817745806	18.0	0.33325812220573425	0.16478705406188965	2.7639019776218117	0.29333333333333333	55.24	10.0	37.23	20.0	0.17613504827022552	0.19035129249095917	1.9405391848516151	0.17721518987341772	73.88	9.0	34.04166666666667	18.666666666666668	0.2674833834171295	0.15068574249744415	3.295828165685029	0.358974358974359	66.03	8.0	41.0	16.666666666666668	0.38475266098976135	0.36976638436317444
I want to edit my phone number.?	0.41016824370638294	0.15789473684210525	53.88	8.0	10.0	11.0	0.21836423873901367	0.38423484563827515	1.0577547987404385	0.2727272727272727	72.16	8.0	71.68	17.0	0.30921608209609985	0.31799107789993286	1.6686909589628511	0.3902439024390244	49.82	10.0	18.330000000000002	14.0	0.39144113659858704	0.45783668756484985	11.854385253323915	0.4799999999999999	57.61	11.0	30.870000000000005	26.0	0.48374131321907043	0.4017558991909027	4.486471497267756	0.41269841269841273	70.63	8.0	35.0	21.5	0.3953185975551605	0.31450462341308594	4.380833441723301	0.40625000000000006	70.13	9.0	36.0	22.0	0.4543939232826233	0.3282095789909363	4.380833441723301	0.40625000000000006	70.13	9.0	36.0	22.0	0.4543939232826233	0.3282095789909363	4.380833441723301	0.40625000000000006	70.13	9.0	36.0	22.0	0.4543939232826233	0.3282095789909363	4.380833441723301	0.40625000000000006	70.13	9.0	36.0	22.0	0.4543939232826233	0.3282095789909363	4.380833441723301	0.40625000000000006	70.13	9.0	36.0	22.0	0.4543939232826233	0.3282095789909363	4.380833441723301	0.40625000000000006	70.13	9.0	36.0	22.0	0.4543939232826233	0.3282095789909363
Can you delete information about my time zone?	0.005159254296396608	0.023809523809523808	87.72	3.0	10.0	13.0	0.01875450275838375	0.17310158908367157	0.45307816936922984	0.2831858407079646	61.16	10.0	32.61353711790393	20.5	0.32422563433647156	0.3661184012889862	0.06572921225581228	0.23404255319148937	70.13	12.0	21.200000000000003	21.0	0.30760473012924194	0.41016292572021484	0.7123209255471324	0.1899441340782123	62.72	11.0	75.99905303030303	28.25	0.22515220940113068	0.3242427110671997	2.151326374324789	0.2698412698412699	71.14	9.0	52.0	19.0	0.3141708970069885	0.3276558518409729	1.2299172066399386	0.34782608695652173	42.72	13.0	35.60526315789474	23.0	0.3659093677997589	0.45394089818000793	1.2581149620896306	0.3448275862068966	42.21	13.0	36.473684210526315	23.5	0.3649769425392151	0.4506056308746338	1.2581149620896306	0.3448275862068966	42.21	13.0	36.473684210526315	23.5	0.3649769425392151	0.4506056308746338	5.502380275556803	0.27737226277372257	35.57	13.0	42.720208845208845	22.0	0.30750104784965515	0.4267423450946808	1.3213610938541562	0.3620689655172414	40.65	11.0	36.473684210526315	16.0	0.3776383101940155	0.449336975812912	5.050630548071741	0.25396825396825395	47.49	11.0	63.093333333333355	28.0	0.29348430037498474	0.5087605714797974
Can you delete my voice recordings?	1.2274447115891476e-08	0.052941176470588235	90.09	10.0	16.0	19.0	0.10916392505168915	0.5690478086471558	0.39920113513080635	0.27586206896551724	62.01	16.0	43.665	29.5	0.5175370573997498	0.9112216830253601	1.1916066870936348	0.3247422680412371	72.16	8.0	32.0	18.5	0.5472891330718994	0.8956339359283447	23.32756174390654	0.592292089249493	59.33	10.0	39.216671415715325	22.375	0.6762561202049255	0.9368331432342529	2.1831792851719527	0.35858585858585856	64.34	11.0	35.711776859504134	26.333333333333332	0.5628872513771057	0.8843952417373657	0.8239591002533079	0.27586206896551724	47.12	13.0	58.33333333333334	28.5	0.5703624486923218	0.8811545372009277	2.1831792851719527	0.35858585858585856	64.34	11.0	35.711776859504134	26.333333333333332	0.5628872513771057	0.8843952417373657	2.1831792851719527	0.35858585858585856	64.34	11.0	35.711776859504134	26.333333333333332	0.5628872513771057	0.8843952417373657	2.3232687173443947	0.3282051282051282	59.33	11.0	58.91968911917098	24.333333333333332	0.5933400392532349	0.9238932132720947	2.1831792851719527	0.35858585858585856	64.34	11.0	35.711776859504134	26.333333333333332	0.5628872513771057	0.8843952417373657	2.1831792851719527	0.35858585858585856	64.34	11.0	35.711776859504134	26.333333333333332	0.5628872513771057	0.8843952417373657
Are you sharing my age with others?	6.125954752138349e-05	0.024096385542168676	100.24	1.0	6.0	8.0	-0.08543869853019714	0.15129493176937103	2.86414849848824	0.3838383838383838	60.31	10.0	135.52000000000015	13.0	0.46155375242233276	0.7928791046142578	7.626264910496407	0.5185185185185185	55.74	10.0	38.60898039215687	16.5	0.5408746600151062	0.9168524146080017	1.7506203104362728	0.30337078651685395	29.38	15.0	100.0	28.25	0.26928383111953735	0.3995020091533661	2.850375686252546	0.3384615384615385	70.47	10.0	52.0	28.0	0.26412373781204224	0.38990020751953125	6.651891502806934	0.2894736842105263	37.64	15.0	57.22140762463343	29.333333333333332	0.26728999614715576	0.4820103645324707	4.402591491194746	0.26446280991735543	40.69	11.0	77.44000000000003	25.5	0.2641451060771942	0.45292115211486816	4.402591491194746	0.26446280991735543	40.69	11.0	77.44000000000003	25.5	0.2641451060771942	0.45292115211486816	0.3782129389055376	0.20833333333333334	77.57	8.0	19.0	21.0	0.2082217037677765	0.4162377715110779	1.0419383019417825	0.22916666666666666	77.57	7.0	19.0	21.0	0.18751893937587738	0.3808248043060303	0.5098029287343484	0.2424242424242424	66.07	10.0	22.0	23.0	0.2609603703022003	0.42731183767318726
Who can access information about my appointments?	0.006129393055268005	0.0898876404494382	86.71	4.0	28.000000000000007	12.0	0.08400670439004898	0.24368463456630707	16.324054212111545	0.5862068965517242	75.5	7.0	41.46222222222222	14.0	0.6308935880661011	0.929472804069519	19.609194939145787	0.6190476190476191	72.16	10.0	53.760000000000005	17.666666666666668	0.6253721714019775	0.9512510299682617	2.5855018165065866	0.2764227642276423	56.55	9.0	51.54545454545455	17.0	0.30286329984664917	0.5667896270751953	2.2695042970091754	0.2295081967213115	48.5	10.0	77.44000000000003	18.0	0.2738216519355774	0.4876094162464142	2.306418910775959	0.24793388429752067	48.5	10.0	64.715	17.666666666666668	0.2819371819496155	0.4888673424720764	2.306418910775959	0.24793388429752067	48.5	10.0	64.715	17.666666666666668	0.2819371819496155	0.4888673424720764	2.306418910775959	0.24793388429752067	48.5	10.0	64.715	17.666666666666668	0.2819371819496155	0.4888673424720764	2.306418910775959	0.24793388429752067	48.5	10.0	64.715	17.666666666666668	0.2819371819496155	0.4888673424720764	2.306418910775959	0.24793388429752067	48.5	10.0	64.715	17.666666666666668	0.2819371819496155	0.4888673424720764	2.306418910775959	0.24793388429752067	48.5	10.0	64.715	17.666666666666668	0.2819371819496155	0.4888673424720764
Does the company share user's contacts' information with a third party?	0.2354490823219405	0.11494252873563218	64.71	8.0	16.0	17.0	0.1474177986383438	0.3008388876914978	4.548426023233209	0.328125	52.02	13.0	67.5446153846154	29.0	0.2601970434188843	0.5656682848930359	14.574074922416914	0.5360824742268041	45.09	13.0	37.85600000000001	28.0	0.5804526805877686	0.49378442764282227	1.2599215761125613	0.27027027027027023	18.18	20.0	99.15196078431373	33.0	0.2535640001296997	0.47555315494537354	5.891759523725742	0.3354037267080745	36.49	13.0	72.63970588235294	20.4	0.3240288197994232	0.7765961289405823	5.067000193944988	0.3626373626373626	36.08	13.0	87.94117647058823	20.666666666666668	0.3383963108062744	0.7990855574607849	7.005424574632402	0.3209876543209876	36.49	13.0	63.738298545224545	19.8	0.3231339156627655	0.762820839881897	2.871225407782635	0.37426900584795325	26.81	14.0	97.0	21.4	0.3430597186088562	0.7832396626472473	2.6908502911164165	0.3431952662721893	21.94	17.0	112.19478260869565	27.75	0.29875829815864563	0.7354069352149963	3.4502714671285233	0.3466666666666667	28.88	16.0	87.37473684210528	28.333333333333332	0.33452314138412476	0.7632249593734741	5.067000193944988	0.3626373626373626	36.08	13.0	87.94117647058823	20.666666666666668	0.3383963108062744	0.7990855574607849
Does it save my email contacts and sell it to 3rd parties?	0.0	0.0	77.91	0.0	2.0	2.0	-0.19247740507125854	0.04960944503545761	2.86414849848824	0.3838383838383838	60.31	10.0	135.52000000000015	13.0	0.46155375242233276	0.7928791046142578	14.254844602738302	0.56	55.24	10.0	53.760000000000005	17.333333333333332	0.5372681021690369	0.9164568185806274	3.3086658128785285	0.3066666666666667	38.66	17.0	75.76631578947368	27.0	0.31304213404655457	0.4186132252216339	2.4809798033225308	0.2913907284768212	48.81	9.0	46.137829371660224	15.6	0.29171302914619446	0.3186880946159363	3.217215988073908	0.27309236947791166	21.47	19.0	72.51315789473685	38.4	0.3089512884616852	0.4763493835926056	1.599820287636084	0.2572614107883818	22.68	18.0	92.9870630333058	36.6	0.29308176040649414	0.45542967319488525	4.9739036667724585	0.24418604651162787	36.08	13.0	57.922752808988776	20.4	0.29377421736717224	0.41830816864967346	2.4849915941866554	0.2894736842105263	48.6	10.0	46.80912942989214	15.8	0.2929038107395172	0.2861827611923218	6.218799434667551	0.31788079470198677	30.2	16.0	74.0	27.333333333333332	0.3139675557613373	0.4320083260536194	9.511536541294628	0.21917808219178087	23.63	13.0	87.12	17.25	0.32776394486427307	0.28519636392593384
Do you share my location with other people?	2.9989100557326128e-05	0.02173913043478261	117.16	2.0	6.0	8.0	-0.1133006364107132	0.06246357783675194	18.7017768349782	0.45945945945945943	33.54	16.0	76.88000000000001	22.666666666666668	0.49399393796920776	0.7161269187927246	17.029649986060043	0.5	37.64	15.0	58.33333333333334	27.0	0.5154945850372314	0.8421893119812012	3.251140368684215	0.3815789473684211	38.32	15.0	71.74588235294118	19.0	0.3322339653968811	0.7186042666435242	1.2742719069896808	0.3310344827586207	68.81	9.0	54.93258454106281	21.0	0.28563880920410156	0.6048301458358765	2.536235266786363	0.3378378378378379	57.44	10.0	50.122605363984675	34.0	0.3424525558948517	0.6831645369529724	2.1351764392166768	0.2896551724137931	58.45	10.0	33.15753095171785	32.0	0.28585171699523926	0.6417219042778015	2.7199532983663346	0.3058823529411765	51.82	15.0	70.85558731455015	30.0	0.31902164220809937	0.7228730320930481	2.747211872685193	0.3023255813953488	51.21	16.0	52.7829873538535	31.666666666666668	0.3242439329624176	0.7459794878959656	2.1821314507417107	0.31724137931034485	49.99	14.0	59.0	32.0	0.3195343315601349	0.7470288276672363	2.2745729570226167	0.2948717948717949	48.43	14.0	62.7043795620438	25.0	0.33625009655952454	0.6388869285583496
Are you sharing my name?	0.011119533102062712	0.0710059171597633	93.64	3.0	58.33333333333334	14.0	0.06267114728689194	0.27337080240249634	4.307630517776732	0.3819095477386935	52.53	10.0	84.70000000000003	31.5	0.407684326171875	0.8058837652206421	0.38502277330069784	0.24561403508771928	66.23	8.0	27.0	15.5	0.3581938147544861	0.7993820309638977	0.21931809279469838	0.18181818181818182	41.7	15.0	78.44666666666666	23.0	0.23629994690418243	0.37720388174057007	0.9786010204255893	0.3	44.03	12.0	79.82545454545456	21.0	0.2902289032936096	0.49268683791160583	0.935775362112239	0.2843137254901961	42.72	14.0	91.63636363636364	22.333333333333332	0.29042690992355347	0.4670090079307556	0.6155596244213809	0.2926829268292683	42.41	13.0	69.45866666666666	23.0	0.2836407423019409	0.46727100014686584	0.5818796481195168	0.24	44.44	12.0	84.70000000000003	21.333333333333332	0.2715996205806732	0.5751029253005981	0.6155596244213809	0.2926829268292683	42.41	13.0	69.45866666666666	23.0	0.2836407423019409	0.46727100014686584	0.9552721673255797	0.28292682926829266	42.41	14.0	94.71636363636367	22.666666666666668	0.2896175980567932	0.46645334362983704	0.6155596244213809	0.2926829268292683	42.41	13.0	69.45866666666666	23.0	0.2836407423019409	0.46727100014686584
Who has access to my phone number?	0.16676196328010326	0.11538461538461536	53.88	8.0	10.0	11.0	0.1936313658952713	0.19777658581733704	29.616996662109774	0.6578947368421053	88.06	7.0	53.94666666666666	18.0	0.6913747787475586	0.9159098863601685	0.5542598941970845	0.23529411764705882	87.72	4.0	9.0	11.0	0.38906314969062805	0.7347263097763062	1.1902933644032723	0.20606060606060608	50.97	13.0	89.28836739037888	22.666666666666668	0.25632429122924805	0.37151703238487244	1.4099289021252361	0.2434782608695652	52.9	11.0	64.62844036697248	20.0	0.29663029313087463	0.6400852203369141	1.7783078636476368	0.297029702970297	52.19	12.0	64.98000000000002	21.666666666666668	0.2823350429534912	0.633743166923523	1.4099289021252361	0.2434782608695652	52.9	11.0	64.62844036697248	20.0	0.29663029313087463	0.6400852203369141	1.4099289021252361	0.2434782608695652	52.9	11.0	64.62844036697248	20.0	0.29663029313087463	0.6400852203369141	1.6580703326159765	0.25	60.35	10.0	71.16666666666666	21.0	0.28068289160728455	0.45091700553894043	1.4842361645971505	0.2434782608695652	38.96	15.0	128.31636363636363	26.333333333333332	0.2914249300956726	0.5062751173973083	2.163807313427136	0.3103448275862069	55.58	13.0	72.0	25.333333333333332	0.3239485025405884	0.5901821851730347
Who has access to my time zone?	0.010193527532904756	0.05063291139240506	71.82	8.0	8.0	11.0	-0.043143074959516525	0.013125008903443813	0.880809293799593	0.2204724409448819	53.21	10.0	54.216	20.0	0.20854870975017548	0.44748589396476746	2.619466043841829	0.1818181818181818	53.71	12.0	54.13528591352859	18.75	0.21659788489341736	0.31461402773857117	1.8124878106155211	0.27329192546583847	49.15	13.0	84.56521739130434	25.25	0.25233906507492065	0.45722413063049316	2.280345179411759	0.31205673758865243	48.13	14.0	41.18905872888173	25.333333333333332	0.228457972407341	0.43901383876800537	1.9139851485796553	0.3529411764705882	30.91	15.0	79.78378378378378	26.25	0.2644649147987366	0.5691479444503784	2.7392191591505064	0.3016759776536313	28.17	16.0	70.3692480359147	28.75	0.26992616057395935	0.5901176333427429	2.014534333407948	0.3855421686746988	56.29	12.0	66.54045012165452	25.5	0.2839061915874481	0.4631558656692505	0.5156119382747173	0.07407407407407407	62.17	9.0	37.666	20.0	0.14870156347751617	0.28294724225997925	2.0462106232093964	0.35862068965517246	46.81	14.0	44.60326907970271	27.0	0.2348298281431198	0.44044697284698486	1.9517556879891103	0.3218390804597701	34.46	15.0	61.37744068057194	22.2	0.2644039988517761	0.5436055660247803
Who can access my voice recordings?	1.4250994611194543	0.2950819672131148	89.08	6.0	35.84	17.0	0.2993597388267517	0.606555163860321	1.4486551941179522	0.4	64.71	9.0	21.000000000000007	16.0	0.48864513635635376	0.8746402263641357	0.14725390325800908	0.2857142857142857	77.23	5.0	33.879999999999995	12.0	0.34424349665641785	0.5837575197219849	3.990393900196909	0.33519553072625696	61.26	9.0	55.63398692810458	21.0	0.42916572093963623	0.7831439971923828	4.049768631401537	0.32989690721649484	70.84	8.0	45.401015228426395	19.0	0.36949941515922546	0.720552921295166	4.2841738614032945	0.42857142857142855	44.37	14.0	59.567429259482225	28.333333333333332	0.39428937435150146	0.7994211316108704	4.13382579269592	0.41860465116279066	43.36	16.0	51.25903554213252	29.333333333333332	0.3937309682369232	0.796760082244873	4.235319003006122	0.4761904761904762	43.02	14.0	67.2	21.333333333333332	0.42068004608154297	0.7958778142929077	4.0595599529627275	0.4482758620689655	44.92	20.0	71.0	36.5	0.44391265511512756	0.8147090673446655	7.285801324009223	0.4126984126984127	37.34	15.0	56.65967283072546	27.666666666666668	0.4541325271129608	0.8051234483718872	4.102490950092389	0.40336134453781514	46.81	15.0	59.43307086614173	26.0	0.38748693466186523	0.7936234474182129
What does the privacy policy say in regards to saving my name?	1.1900267396679055e-06	0.016666666666666663	99.23	0.0	7.0	9.0	-0.07081721723079681	0.031467191874980927	0.24078828016617973	0.2463768115942029	37.64	14.0	43.74999999999999	28.0	0.28927770256996155	0.6009289026260376	12.882655507026518	0.4971098265895953	56.45	10.0	60.91749999999999	16.0	0.5172628164291382	0.8090850114822388	2.418628079832655	0.31155778894472363	42.34	18.0	98.61333333333334	31.666666666666668	0.29651811718940735	0.6758545637130737	3.4001785780852782	0.26347305389221554	44.58	11.0	58.32	29.5	0.27337098121643066	0.7301967740058899	1.192614007681954	0.2810810810810811	18.52	20.0	76.39578947368423	39.5	0.2880542576313019	0.7291548252105713	0.9266206015519924	0.2159090909090909	33.24	14.0	60.24838235294118	23.0	0.24240507185459137	0.4660783112049103	0.8504439985217588	0.24852071005917156	35.1	11.0	44.05460750853243	30.0	0.2563319206237793	0.6965177655220032	3.528031413411158	0.33707865168539325	30.03	12.0	67.29411764705884	35.5	0.29037511348724365	0.6942971348762512	0.8277301199766159	0.3030303030303031	36.63	15.0	43.82014184397163	28.0	0.2832696735858917	0.7602931261062622	0.8277301199766159	0.3030303030303031	36.63	15.0	43.82014184397163	28.0	0.2832696735858917	0.7602931261062622
What is the latest privacy policy in regards to processing my voice?	1.4204962126567007	0.13888888888888887	27.49	13.0	80.86400000000003	39.0	0.15602515637874603	0.3681105375289917	14.59410223510732	0.42307692307692313	70.13	10.0	90.71999999999997	19.0	0.4481714069843292	0.7246110439300537	0.5369099947573203	0.08695652173913045	59.3	8.0	12.0	13.0	0.21657989919185638	0.5078234672546387	1.586620845655176	0.2828282828282828	63.39	9.0	34.189068100358426	18.5	0.3499031960964203	0.6832916736602783	1.6088167375304447	0.2857142857142857	63.7	9.0	40.90296825703432	18.25	0.36148566007614136	0.6675463914871216									1.4113761507673406	0.2641509433962264	61.67	11.0	36.0	20.75	0.3528965413570404	0.6830785274505615	1.586620845655176	0.2828282828282828	63.39	9.0	34.189068100358426	18.5	0.3499031960964203	0.6832916736602783	1.5126360242232706	0.25862068965517243	50.67	13.0	41.0	23.75	0.35936814546585083	0.6900426149368286	1.2435106431164566	0.21487603305785122	40.89	15.0	43.5	23.5	0.31378060579299927	0.7830737829208374	1.4113761507673406	0.2641509433962264	61.67	11.0	36.0	20.75	0.3528965413570404	0.6830785274505615
Why do you know my age?	6.031206500035104e-06	0.0	77.91	0.0	2.0	3.0	-0.18505823612213135	0.151680588722229	0.27429474243021507	0.18867924528301885	80.28	3.0	8.0	9.0	0.27532434463500977	0.7046787738800049	4.166818730945971	0.43333333333333335	64.71	9.0	15.0	16.0	0.44768357276916504	0.6649660468101501	14.83081033211914	0.4210526315789474	46.47	11.0	70.00000000000001	19.0	0.4415031969547272	0.7275586128234863	2.428044152350167	0.34567901234567905	78.59	7.0	60.480000000000025	20.0	0.317929208278656	0.5192225575447083	22.985395196980807	0.47058823529411764	41.36	11.0	56.000000000000014	16.333333333333332	0.43061771988868713	0.6376097202301025	22.985395196980807	0.47058823529411764	41.36	11.0	56.000000000000014	16.333333333333332	0.43061771988868713	0.6376097202301025	2.923597632099356	0.3255813953488372	74.9	7.0	41.0	15.0	0.3402889370918274	0.4665721654891968	22.985395196980807	0.47058823529411764	41.36	11.0	56.000000000000014	16.333333333333332	0.43061771988868713	0.6376097202301025	2.2366776668026698	0.26666666666666666	56.76	9.0	50.40000000000002	18.5	0.26015207171440125	0.5698102712631226	2.2366776668026698	0.26666666666666666	56.76	9.0	50.40000000000002	18.5	0.26015207171440125	0.5698102712631226
Why do you know my calendar appointments?	1.3670175654149608	0.06451612903225806	86.71	4.0	28.000000000000007	12.0	-0.07413522154092789	-0.06351451575756073	39.29202036846994	0.6530612244897959	56.76	9.0	47.096	16.5	0.6502465009689331	0.1605134755373001	1.3339264902154053	0.10909090909090909	87.92	4.0	31.634615384615383	9.75	0.09531790763139725	0.10771141201257706	1.9055601859645757	0.20289855072463767	47.08	11.0	61.11636363636364	19.666666666666668	0.16191639006137848	0.18630123138427734	1.4820386596780344	0.11627906976744187	66.78	9.0	33.0	24.333333333333332	0.16943877935409546	0.16522610187530518	2.3294227591923544	0.22580645161290322	67.08	8.0	35.7	24.0	0.27079683542251587	0.17251712083816528	2.3294227591923544	0.22580645161290322	67.08	8.0	35.7	24.0	0.27079683542251587	0.17251712083816528	2.3294227591923544	0.22580645161290322	67.08	8.0	35.7	24.0	0.27079683542251587	0.17251712083816528	3.031060490822769	0.2033898305084746	60.65	12.0	36.01458823529412	22.0	0.27027449011802673	0.18411403894424438	2.3294227591923544	0.22580645161290322	67.08	8.0	35.7	24.0	0.27079683542251587	0.17251712083816528	2.3294227591923544	0.22580645161290322	67.08	8.0	35.7	24.0	0.27079683542251587	0.17251712083816528
Why is all my contacts' personal information needed?	0.005175593498065968	0.10526315789473684	89.08	6.0	35.84	17.0	0.17430903017520905	0.49509379267692566	0.645489542779906	0.28	63.19	10.0	27.90740740740741	17.5	0.33804851770401	0.6239607334136963	0.1964695887045666	0.23943661971830987	75.71	7.0	58.33333333333334	13.5	0.36875635385513306	0.5641269683837891	0.4219966904260528	0.17391304347826086	48.09	10.0	49.28	16.666666666666668	0.2454412877559662	0.44862279295921326	0.7321101461525138	0.21505376344086022	65.35	10.0	69.0	24.333333333333332	0.22971409559249878	0.31101465225219727									0.4219966904260528	0.17391304347826086	48.09	10.0	49.28	16.666666666666668	0.2454412877559662	0.44862279295921326	0.44040757017446885	0.227027027027027	39.97	15.0	60.88702928870293	24.666666666666668	0.23403936624526978	0.48732978105545044	0.42212934914742345	0.23333333333333334	41.7	13.0	58.42151162790697	23.0	0.25810596346855164	0.5379970073699951	0.7039434665986276	0.16759776536312848	47.28	11.0	47.972993953260335	17.5	0.27099373936653137	0.5370842218399048	0.43277610361228036	0.24309392265193366	41.4	13.0	51.94778786835765	23.333333333333332	0.2535112798213959	0.5284319519996643
Why did you add all my contacts' phone numbers to my contact book?	0.005175593498065968	0.10526315789473684	89.08	6.0	35.84	17.0	0.17430903017520905	0.49509379267692566	0.1964695887045666	0.23943661971830987	75.71	7.0	58.33333333333334	13.5	0.36875635385513306	0.5641269683837891	9.674281253598872	0.41916167664670656	71.44	9.0	61.11636363636364	19.666666666666668	0.44053009152412415	0.7393500804901123	2.483071529354777	0.23923444976076552	36.49	15.0	98.74666666666666	20.8	0.23124495148658752	0.2688066363334656	0.8069208461960724	0.33532934131736525	71.44	9.0	50.0	18.666666666666668	0.330228328704834	0.7161611318588257	5.958369980628345	0.3814432989690721	69.62	9.0	55.593402378212495	20.75	0.39637506008148193	0.6217811703681946	0.9480120895652329	0.32142857142857145	62.68	9.0	72.82800000000002	19.333333333333332	0.36990609765052795	0.6374350190162659	0.8915972630798126	0.2485875706214689	68.1	10.0	42.511923688394276	22.333333333333332	0.2624853253364563	0.519034743309021	1.124700543151589	0.28272251308900526	63.73	11.0	34.817834873812366	27.333333333333332	0.2684195041656494	0.48508960008621216	0.5990548966431544	0.2222222222222222	73.17	8.0	70.87499999999999	17.0	0.28416600823402405	0.6651468276977539	0.7257717567231368	0.23529411764705888	61.97	11.0	65.54333333333335	20.0	0.2696700990200043	0.6355133056640625
Why do you know my email address?	0.01267782267797153	0.0	99.23	0.0	7.0	9.0	-0.10890740156173706	-0.003338269889354706	3.3755297827442026	0.45945945945945954	50.84	10.0	40.320000000000014	13.5	0.5236345529556274	0.6825870871543884	4.439167227663632	0.4615384615384615	30.87	11.0	63.00000000000002	16.0	0.5272889137268066	0.5742092132568359	3.1846856857110333	0.41999999999999993	29.69	17.0	88.36000000000001	27.0	0.38429713249206543	0.7343550324440002	2.762116611925871	0.24999999999999994	64.41	9.0	37.4179104477612	17.333333333333332	0.29487621784210205	0.5539694428443909	4.132190819639958	0.37037037037037035	23.09	18.0	44.84666666666666	36.0	0.39008620381355286	0.8337653279304504	2.571598615510653	0.37037037037037035	23.09	18.0	44.84666666666666	36.0	0.3820873498916626	0.7933420538902283	2.0234373374008245	0.28205128205128205	59.98	10.0	31.360000000000003	31.0	0.28723978996276855	0.4944714903831482	2.571598615510653	0.37037037037037035	23.09	18.0	44.84666666666666	36.0	0.3820873498916626	0.7933420538902283	2.571598615510653	0.37037037037037035	23.09	18.0	44.84666666666666	36.0	0.3820873498916626	0.7933420538902283	2.571598615510653	0.37037037037037035	23.09	18.0	44.84666666666666	36.0	0.3820873498916626	0.7933420538902283
Why do you know my location?	0.1621771412703515	0.09803921568627451	93.64	3.0	58.33333333333334	14.0	0.08824613690376282	0.09108023345470428	3.5197115469590683	0.4070796460176991	45.25	12.0	36.55555555555556	19.0	0.4906313419342041	0.6076037287712097	4.458038653323596	0.3486238532110092	39.84	12.0	63.00000000000002	16.5	0.4572617709636688	0.7487355470657349	1.4521612259326175	0.27777777777777785	56.93	13.0	44.84666666666666	35.0	0.3701466917991638	0.7151700258255005	4.554198607857572	0.421875	54.52	11.0	42.219008264462815	20.333333333333332	0.4030333161354065	0.63335782289505									2.9429401957780126	0.328125	46.06	13.0	41.22191011235955	18.666666666666668	0.38714170455932617	0.5861468315124512	2.9429401957780126	0.328125	46.06	13.0	41.22191011235955	18.666666666666668	0.38714170455932617	0.5861468315124512	1.9185840987321534	0.28571428571428575	37.3	14.0	28.97041420118343	19.5	0.3719002306461334	0.5927741527557373	1.9185840987321534	0.28571428571428575	37.3	14.0	28.97041420118343	19.5	0.3719002306461334	0.5927741527557373	3.88007614975662	0.3909774436090226	19.2	17.0	62.80615384615386	30.5	0.4738253355026245	0.7284825444221497
For what purpose is my name collected?	0.18975828235961656	0.17204301075268816	12.94	15.0	80.91999999999999	21.0	0.1356147974729538	0.35831040143966675	5.401123897811117	0.453781512605042	73.88	7.0	43.071666666666665	15.333333333333334	0.46086394786834717	0.8735238313674927	4.6006618989023425	0.4671532846715329	68.1	9.0	49.20876288659794	21.666666666666668	0.4163268804550171	0.7753174901008606	3.0160710900456347	0.29687499999999994	45.46	13.0	63.093333333333355	19.666666666666668	0.3374168574810028	0.45264074206352234	5.749589763206147	0.336	54.93	10.0	33.94759127294026	19.333333333333332	0.40765735507011414	0.43724796175956726	5.378152324274614	0.38333333333333336	57.27	12.0	44.0	17.333333333333332	0.4390791952610016	0.5885719060897827	5.378152324274614	0.38333333333333336	57.27	12.0	44.0	17.333333333333332	0.4390791952610016	0.5885719060897827	5.378152324274614	0.38333333333333336	57.27	12.0	44.0	17.333333333333332	0.4390791952610016	0.5885719060897827	5.285824601774768	0.31932773109243695	56.96	9.0	43.0	17.0	0.40659594535827637	0.43208175897598267	16.742263202777913	0.4459459459459459	56.86	9.0	65.07692307692308	16.0	0.42150813341140747	0.7086323499679565	14.941444931839854	0.39999999999999997	69.07	9.0	60.66847356664184	12.5	0.4433770477771759	0.6699806451797485
What do you need my phone number for?	2.3071524496691386e-05	0.04225352112676057	87.72	5.0	11.0	13.0	0.024355726316571236	0.0018120519816875458	0.024289561883034848	0.2027027027027027	72.16	7.0	71.68	17.0	0.40640491247177124	0.7900556921958923	0.26301099672225176	0.26666666666666666	88.06	7.0	53.94666666666666	18.0	0.37603282928466797	0.7956373691558838	0.34200598182920133	0.18604651162790697	25.29	17.0	112.00000000000003	24.0	0.27310711145401	0.36234259605407715	0.2288025567581695	0.24539877300613497	63.7	9.0	40.96000000000001	18.0	0.28333765268325806	0.3675420582294464	0.503131497713608	0.24277456647398846	50.16	12.0	42.0	23.0	0.2938508689403534	0.4151749610900879	0.623707138606565	0.2569832402234637	56.08	12.0	48.0	26.0	0.29978281259536743	0.4261947274208069	0.6523154218319447	0.26666666666666666	55.58	12.0	49.0	26.5	0.29423224925994873	0.41835838556289673	0.29730118072079065	0.17964071856287425	45.25	12.0	42.875000000000014	19.5	0.2451764941215515	0.36886656284332275	0.6523154218319447	0.26666666666666666	55.58	12.0	49.0	26.5	0.29423224925994873	0.41835838556289673	0.29730118072079065	0.17964071856287425	45.25	12.0	42.875000000000014	19.5	0.2451764941215515	0.36886656284332275
Do you need to know my time zone?	0.12392663941979434	0.07843137254901962	71.82	7.0	17.92	9.0	0.11287347972393036	0.2548592686653137	0.4263399404291607	0.24561403508771928	31.89	12.0	14.0	15.0	0.23057842254638672	0.436219722032547	2.281492087213779	0.2857142857142857	55.54	11.0	48.0	17.333333333333332	0.3613177239894867	0.47154831886291504	2.7728059510302816	0.20930232558139536	57.57	9.0	86.28666666666666	16.333333333333332	0.24780410528182983	0.5629860162734985	3.140841984753021	0.28571428571428575	62.68	11.0	53.94666666666666	20.0	0.3323114216327667	0.4296363890171051	3.0686142128426677	0.35294117647058826	58.62	10.0	42.0	23.5	0.3200266659259796	0.5489023923873901	3.0278098260720054	0.2702702702702703	55.74	11.0	53.81600000000002	18.5	0.33966264128685	0.4214443266391754	3.0278098260720054	0.2702702702702703	55.74	11.0	53.81600000000002	18.5	0.33966264128685	0.4214443266391754	1.590142199795352	0.25	58.62	10.0	21.0	23.0	0.3063051104545593	0.4508588910102844	3.0278098260720054	0.2702702702702703	55.74	11.0	53.81600000000002	18.5	0.33966264128685	0.4214443266391754	3.0278098260720054	0.2702702702702703	55.74	11.0	53.81600000000002	18.5	0.33966264128685	0.4214443266391754
Why do you record my voice?	1.3885142751813357	0.30051813471502586	63.9	9.0	64.65226307189543	22.666666666666668	0.29973304271698	0.70408695936203	1.9884867995223516	0.30434782608695654	69.11	9.0	58.435	21.0	0.3258797824382782	0.7484174966812134	0.018499865377678105	0.18055555555555555	70.13	11.0	30.240000000000013	19.0	0.29799073934555054	0.3673381805419922	1.9954124860301277	0.40816326530612246	51.68	12.0	119.0	21.666666666666668	0.3449666202068329	0.7314738035202026	3.4754760443396897	0.37433155080213903	64.41	9.0	33.523078791805005	16.5	0.39780277013778687	0.7615090608596802	4.595730430092758	0.3861386138613862	52.19	12.0	59.9323467230444	22.0	0.40913495421409607	0.757444441318512	3.5380823243808406	0.3723404255319149	64.2	9.0	42.96818083170565	16.75	0.3920207917690277	0.7533888816833496	3.5380823243808406	0.3723404255319149	64.2	9.0	42.96818083170565	16.75	0.3920207917690277	0.7533888816833496	3.5380823243808406	0.3723404255319149	64.2	9.0	42.96818083170565	16.75	0.3920207917690277	0.7533888816833496	3.6515152209273367	0.39583333333333337	63.39	9.0	54.18051575931232	18.0	0.40924131870269775	0.7725733518600464	3.5380823243808406	0.3723404255319149	64.2	9.0	42.96818083170565	16.75	0.3920207917690277	0.7533888816833496
Can the assistant pull information from my phone's calendar?	0.051373785202557774	0.0923076923076923	86.71	4.0	28.000000000000007	12.0	0.09345830231904984	0.26906782388687134	12.62383524579695	0.6136363636363636	85.39	5.0	34.0	12.333333333333334	0.5824667811393738	0.8890612125396729	32.47114060288119	0.6947368421052632	67.59	9.0	47.068000000000005	23.0	0.7044950723648071	0.9435817003250122	6.442925586684967	0.44642857142857145	61.36	10.0	67.28	20.666666666666668	0.41159453988075256	0.7901709079742432	3.2572895857364137	0.41237113402061853	73.88	9.0	29.319717203456406	16.666666666666668	0.46378615498542786	0.8436062335968018	4.695906553234459	0.4367816091954023	63.7	9.0	28.3125	19.5	0.4792171120643616	0.7853643894195557	3.679073892694009	0.43809523809523804	71.14	8.0	32.52688771245472	20.0	0.47742658853530884	0.8415648341178894	3.679073892694009	0.43809523809523804	71.14	8.0	32.52688771245472	20.0	0.47742658853530884	0.8415648341178894	2.928748863398999	0.38554216867469876	65.73	8.0	29.0	17.0	0.4304475784301758	0.7872439026832581	3.5050282436181197	0.411764705882353	72.46	8.0	34.35700532336618	19.666666666666668	0.4187595248222351	0.8173125386238098	4.2228716488673115	0.4096385542168675	57.27	9.0	31.32	17.5	0.48742544651031494	0.788489818572998
Does the assistant have access to my contacts?	5.460877549277523e-06	0.0	99.23	0.0	7.0	9.0	-0.09853331744670868	-0.0591670460999012	0.34278491427829777	0.29850746268656714	75.71	7.0	58.33333333333334	13.5	0.4168448746204376	0.7155933380126953	6.064947102318226	0.4507042253521127	71.65	8.0	38.115	18.0	0.5932701826095581	0.9323838353157043	0.8961138405754205	0.3144654088050315	46.78	11.0	63.63636363636365	18.666666666666668	0.33548703789711	0.546599268913269	2.7629382497984287	0.326797385620915	73.47	9.0	38.78672985781991	17.0	0.43807435035705566	0.7383749485015869	3.255330882765371	0.40764331210191085	64.0	8.0	32.04168783432448	17.333333333333332	0.4624219536781311	0.7685812711715698	2.7016289664559854	0.356687898089172	64.54	11.0	48.0	27.0	0.39733314514160156	0.6345816850662231	1.9702670915851277	0.28767123287671237	75.91	9.0	42.59111111111112	14.333333333333334	0.4126320481300354	0.6921378970146179	5.439886690162717	0.30769230769230765	45.26	10.0	86.0	47.0	0.281229168176651	0.5709212422370911	1.9702670915851277	0.28767123287671237	75.91	9.0	42.59111111111112	14.333333333333334	0.4126320481300354	0.6921378970146179	1.9702670915851277	0.28767123287671237	75.91	9.0	42.59111111111112	14.333333333333334	0.4126320481300354	0.6921378970146179
What's my address?	0.35326112301683926	0.0851063829787234	103.63	4.0	33.879999999999995	12.0	0.031499121338129044	0.12080821394920349	1.3445513266746811	0.1724137931034483	57.61	13.0	45.17333333333334	25.0	0.146979421377182	0.23782549798488617	1.2790257719708376	0.2222222222222222	87.72	4.0	30.240000000000013	11.5	0.17546015977859497	0.3377991318702698	2.7245864046273818	0.2903225806451613	58.79	9.0	63.09333333333332	16.0	0.2590692937374115	0.4318128526210785	2.425342956367753	0.2413793103448276	68.77	6.0	67.75999999999999	14.0	0.2112758308649063	0.37314969301223755	3.9320620788951466	0.24561403508771928	50.16	10.0	61.74000000000001	26.0	0.2089151293039322	0.5434569120407104	2.425342956367753	0.2413793103448276	68.77	6.0	67.75999999999999	14.0	0.2112758308649063	0.37314969301223755	2.3847124361709544	0.2413793103448276	60.82	9.0	135.52000000000015	14.0	0.20911110937595367	0.36994996666908264	2.7691376555217095	0.28571428571428575	42.72	11.0	89.60000000000001	26.5	0.28372061252593994	0.4464184045791626	1.6709266465755108	0.3582089552238806	72.66	8.0	31.0	18.0	0.28789931535720825	0.48183149099349976	1.4179584981649855	0.2413793103448276	57.61	11.0	67.75999999999999	27.0	0.19334416091442108	0.3871607780456543
What is my name?	0.37085907973210985	0.15384615384615385	93.64	4.0	87.50000000000006	14.0	0.09740528464317322	0.12297715991735458	4.49522133223909	0.19417475728155342	70.13	8.0	63.88666666666667	19.5	0.2721714675426483	0.29022300243377686	2.2212925276764044	0.26262626262626265	63.19	9.0	50.820000000000014	18.0	0.3119058907032013	0.7064121961593628	1.2894028366331345	0.17391304347826086	49.21	11.0	140.38888888888889	16.714285714285715	0.231126070022583	0.4947923421859741	1.8537612130241614	0.1758241758241758	59.3	8.0	43.74999999999999	15.5	0.2785315215587616	0.4504728317260742	2.3765589297573113	0.24000000000000002	46.78	11.0	64.736	20.0	0.3364880084991455	0.6973192095756531	1.640442611912737	0.22680412371134023	56.25	11.0	53.81600000000002	19.0	0.3348376452922821	0.6851323843002319	1.640442611912737	0.22680412371134023	56.25	11.0	53.81600000000002	19.0	0.3348376452922821	0.6851323843002319	1.8537612130241614	0.1758241758241758	59.3	8.0	43.74999999999999	15.5	0.2785315215587616	0.4504728317260742	2.450303712740201	0.20408163265306123	47.28	11.0	36.480000000000004	19.0	0.3061736226081848	0.4310590922832489	1.071687082855745	0.21978021978021978	59.3	8.0	87.50000000000006	15.0	0.292176753282547	0.49750688672065735
Do you know my phone number?	0.5525013486731373	0.1282051282051282	93.64	3.0	58.33333333333334	14.0	0.07375457882881165	0.10987287759780884	1.1969373218108912	0.36923076923076925	67.76	8.0	12.0	13.0	0.49570944905281067	0.7446202039718628	0.9252985916071591	0.3076923076923077	84.68	5.0	12.0	13.0	0.3499498665332794	0.45772507786750793	7.33874330315894	0.2727272727272727	62.68	9.0	68.59999999999998	21.0	0.3296026587486267	0.39318811893463135	3.879506144619563	0.3269230769230769	63.02	8.0	51.510000000000005	27.0	0.3559294641017914	0.6409246325492859	3.879506144619563	0.3269230769230769	63.02	8.0	51.510000000000005	27.0	0.3559294641017914	0.6409246325492859	3.879506144619563	0.3269230769230769	63.02	8.0	51.510000000000005	27.0	0.3559294641017914	0.6409246325492859	3.879506144619563	0.3269230769230769	63.02	8.0	51.510000000000005	27.0	0.3559294641017914	0.6409246325492859	1.7141465381585232	0.26506024096385544	33.58	16.0	84.00000000000003	33.0	0.2757428288459778	0.4141680598258972	13.149165371738164	0.4126984126984127	47.12	13.0	99.47466666666665	26.666666666666668	0.41241517663002014	0.7476949691772461	3.879506144619563	0.3269230769230769	63.02	8.0	51.510000000000005	27.0	0.3559294641017914	0.6409246325492859
How do you process my audio recordings?	0.0016926696538099898	0.061728395061728385	89.08	6.0	35.84	17.0	0.08991096168756485	0.6287992000579834	6.963570664999388	0.4	63.39	9.0	42.03977272727273	18.0	0.5169018507003784	0.6693494319915771	1.4235155474416403	0.32954545454545453	66.41	9.0	63.00000000000002	31.0	0.5401135683059692	0.7904855608940125	0.9941738429010116	0.3283582089552239	47.52	13.0	66.23526465186174	26.4	0.34041398763656616	0.6934796571731567	0.7546275974916019	0.24038461538461536	67.79	9.0	32.02885166629278	24.666666666666668	0.31722360849380493	0.7156584858894348	0.6260474863538186	0.21782178217821782	60.48	8.0	46.54054054054054	33.0	0.2948446571826935	0.6819459199905396	1.2710920174412363	0.28571428571428575	51.72	13.0	64.6586301776345	31.5	0.30801132321357727	0.6426706314086914	1.2710920174412363	0.28571428571428575	51.72	13.0	64.6586301776345	31.5	0.30801132321357727	0.6426706314086914	0.6579575164732797	0.22549019607843138	59.47	8.0	32.953161173297694	34.0	0.3019249737262726	0.6840661764144897	0.6579575164732797	0.22549019607843138	59.47	8.0	32.953161173297694	34.0	0.3019249737262726	0.6840661764144897	0.6579575164732797	0.22549019607843138	59.47	8.0	32.953161173297694	34.0	0.3019249737262726	0.6840661764144897
Does the assistant turn on my mic without my knowledge?	0.0	0.0	77.91	0.0	2.0	2.0	-0.20457293093204498	0.03609727323055267	2.364372953887037	0.47787610619469023	61.87	10.0	57.023622047244096	19.0	0.4182397425174713	0.8413378000259399	6.240319854890273	0.44554455445544555	56.08	11.0	56.229090909090914	25.5	0.5190921425819397	0.8892359733581543	3.9878250660067747	0.36363636363636365	73.68	8.0	55.43607305936073	16.333333333333332	0.33051052689552307	0.6131960153579712	3.3391365102976054	0.33480176211453744	73.78	8.0	22.013245033112582	16.0	0.28371766209602356	0.6233323812484741	2.6596328679825785	0.3119266055045871	72.36	9.0	28.67839068825911	17.0	0.29918310046195984	0.607244610786438	2.7871477142648784	0.3181818181818182	63.39	9.0	30.116965792299432	17.5	0.3110491931438446	0.64686518907547	2.6596328679825785	0.3119266055045871	72.36	9.0	28.67839068825911	17.0	0.29918310046195984	0.607244610786438	6.520790350301315	0.3968871595330739	71.14	9.0	45.65816623074688	18.833333333333332	0.3401291072368622	0.6810756921768188	2.5945080614576645	0.31336405529953915	72.66	8.0	28.019230769230766	16.75	0.2977639436721802	0.6073087453842163	2.71197859969756	0.3486238532110092	72.36	9.0	36.727650258032014	17.0	0.3130142390727997	0.6220440864562988
Is my calendar stored on the device?	1.3813877273005584	0.1176470588235294	86.71	4.0	28.000000000000007	12.0	0.18193404376506805	0.3002241253852844	17.398239655714114	0.5405405405405405	82.65	6.0	14.0	15.0	0.6412643194198608	0.8403014540672302	23.097775770021315	0.6181818181818182	80.62	6.0	26.759825327510917	17.0	0.652330219745636	0.8674399852752686	9.868981544446523	0.3661971830985915	63.7	9.0	64.512	18.0	0.45466285943984985	0.7550819516181946	8.233757496071908	0.3287671232876712	71.44	7.0	29.376461068153215	19.333333333333332	0.49933692812919617	0.8398333191871643	5.016383332303821	0.3880597014925373	57.61	9.0	44.0	25.0	0.47450390458106995	0.8401012420654297	4.45967267302648	0.3835616438356165	46.1	13.0	50.0	28.5	0.46124550700187683	0.8491426706314087	4.45967267302648	0.3835616438356165	46.1	13.0	50.0	28.5	0.46124550700187683	0.8491426706314087	4.45967267302648	0.3835616438356165	46.1	13.0	50.0	28.5	0.46124550700187683	0.8491426706314087	4.5415356793042845	0.3888888888888889	46.61	13.0	49.0	28.0	0.45841288566589355	0.8391458988189697	4.5415356793042845	0.3888888888888889	46.61	13.0	49.0	28.0	0.45841288566589355	0.8391458988189697
Do they keep my contacts' information?	7.551435004480072e-05	0.017094017094017092	88.74	3.0	9.0	11.0	-0.0909205824136734	0.0031296629458665848	7.51525452733151	0.4460431654676259	56.93	10.0	31.0	34.0	0.6879610419273376	0.907618522644043	12.13643968398175	0.5487804878048781	60.95	12.0	43.080214741956965	20.0	0.6648135185241699	0.9481220245361328	0.9127034165634922	0.24852071005917162	32.06	17.0	59.0	34.0	0.2295636534690857	0.3612824082374573	0.14546970835242448	0.12949640287769784	55.74	10.0	53.81600000000002	17.5	0.20772668719291687	0.4054732322692871	0.6542026147744356	0.12587412587412586	35.95	17.0	57.166666666666686	39.0	0.21862296760082245	0.3187704086303711	1.1114006855200975	0.12658227848101264	37.64	19.0	87.49999999999999	28.0	0.20337054133415222	0.307323694229126	0.4074103668783164	0.1625	53.92	12.0	75.71200000000002	19.333333333333332	0.2558518052101135	0.3518088459968567	0.6542026147744356	0.12587412587412586	35.95	17.0	57.166666666666686	39.0	0.21862296760082245	0.3187704086303711	1.2752633659265074	0.13836477987421383	37.13	15.0	80.91999999999999	28.5	0.22137342393398285	0.3103703260421753	0.6542026147744356	0.12587412587412586	35.95	17.0	57.166666666666686	39.0	0.21862296760082245	0.3187704086303711
How long will my location history be kept?	0.01906128688499623	0.025974025974025976	87.72	6.0	11.0	13.0	0.012524854391813278	0.014097420498728752	5.30512549099213	0.4318181818181818	40.69	13.0	45.17333333333334	25.0	0.5693969130516052	0.869094729423523	24.130336698187644	0.6964285714285714	31.21	17.0	65.83111111111113	25.0	0.6909264326095581	0.9692822694778442	1.0343195602273967	0.12500000000000003	47.79	11.0	252.00000000000009	17.0	0.19709254801273346	0.5387094020843506	1.9617070995054635	0.2833333333333333	44.58	11.0	71.5018181818182	28.5	0.268493115901947	0.6291416883468628	1.9617070995054635	0.2833333333333333	44.58	11.0	71.5018181818182	28.5	0.268493115901947	0.6291416883468628	1.7589379361978317	0.31496062992125984	24.61	19.0	54.530303030303024	32.5	0.2575555443763733	0.6337096095085144	1.7589379361978317	0.31496062992125984	24.61	19.0	54.530303030303024	32.5	0.2575555443763733	0.6337096095085144	1.7542593211440343	0.2903225806451613	25.63	17.0	64.98000000000002	31.5	0.24807129800319672	0.6353300213813782	2.0486187494066184	0.2786885245901639	26.64	17.0	65.15384615384616	30.5	0.2465934306383133	0.6226557493209839	1.7589379361978317	0.31496062992125984	24.61	19.0	54.530303030303024	32.5	0.2647688388824463	0.633785605430603
How can you guarantee my location information is secure?	0.08249777979909272	0.14492753623188406	24.45	0.0	85.17600000000002	45.0	0.19559632241725922	0.1976112276315689	0.7883654593389827	0.28019323671497587	9.38	17.0	53.23499999999999	21.0	0.44099944829940796	0.47802674770355225	0.08012290921316775	0.19791666666666666	21.74	13.0	32.256	25.0	0.4186869263648987	0.5161306858062744	9.991851485341137	0.41350210970464135	23.05	18.0	54.92307692307692	26.0	0.4741099178791046	0.4916580319404602	19.894380384437518	0.5677966101694916	37.3	13.0	49.29317269076305	19.0	0.6975470781326294	0.661952555179596									9.991851485341137	0.41350210970464135	23.05	18.0	54.92307692307692	26.0	0.4741099178791046	0.4916580319404602	9.991851485341137	0.41350210970464135	23.05	18.0	54.92307692307692	26.0	0.4741099178791046	0.4916580319404602	24.367363300836978	0.5806451612903225	38.52	12.0	59.20916431955456	18.0	0.6878854036331177	0.639159619808197	15.356848083691585	0.48927038626609437	29.86	15.0	56.15686274509804	18.25	0.6377461552619934	0.6070365905761719	7.686008137954232	0.3805309734513274	18.35	17.0	43.42263986013986	22.0	0.4919319152832031	0.5090891122817993
For how long would my name be stored in the database?	0.008215299094526545	0.0	100.24	1.0	6.0	8.0	-0.10252787172794342	0.09705676883459091	0.7032674991999817	0.19178082191780824	49.15	12.0	33.88000000000001	24.0	0.24221718311309814	0.5392930507659912	0.7356918657434068	0.15584415584415587	67.25	9.0	47.32000000000001	14.5	0.15557430684566498	0.30965086817741394	38.217731750210916	0.651685393258427	50.84	18.0	63.88666666666667	42.0	0.6424217224121094	0.6525284051895142	56.061846139383206	0.7222222222222222	34.09	16.0	90.97200000000002	31.0	0.7256534099578857	0.8784937858581543	52.58406279281811	0.7027027027027027	32.57	17.0	84.00000000000003	33.0	0.7163258790969849	0.9037196040153503	44.920984586736026	0.6393442622950819	26.98	0.0	78.41555555555556	38.5	0.6698593497276306	0.860727071762085	44.920984586736026	0.6393442622950819	26.98	0.0	78.41555555555556	38.5	0.6698593497276306	0.860727071762085	47.17431105960623	0.6476190476190475	35.61	12.0	102.06	30.0	0.659076452255249	0.890275776386261	56.00659426140895	0.7216494845360826	17.34	13.0	56.70000000000001	52.0	0.7178475856781006	0.8798635601997375	50.8724763824959	0.6666666666666666	37.64	17.0	121.37999999999998	27.0	0.6764147877693176	0.8958245515823364
Is the information on my time zone stored?	0.0004849700019702861	0.0	75.88	7.0	5.0	6.0	-0.043564800173044205	0.04756801575422287	0.46241072794915505	0.29850746268656714	46.78	11.0	71.68	18.0	0.27262192964553833	0.3485427498817444	0.21475647321203958	0.15873015873015872	59.3	8.0	12.0	14.0	0.1894322782754898	0.2923635244369507	3.185108362980157	0.23728813559322032	41.4	15.0	110.88000000000004	24.333333333333332	0.19721542298793793	0.45801806449890137	3.9923944138798113	0.3516483516483516	42.72	13.0	49.77777777777779	22.0	0.3140207529067993	0.331844300031662	3.462557383447047	0.2921348314606742	35.27	13.0	57.76	21.5	0.3229224979877472	0.5066770315170288	1.2812155539037435	0.32608695652173914	42.21	13.0	41.0	22.5	0.26878154277801514	0.3402596116065979	1.2812155539037435	0.32608695652173914	42.21	13.0	41.0	22.5	0.26878154277801514	0.3402596116065979	1.2812155539037435	0.32608695652173914	42.21	13.0	41.0	22.5	0.26878154277801514	0.3402596116065979	1.2812155539037435	0.32608695652173914	42.21	13.0	41.0	22.5	0.26878154277801514	0.3402596116065979	1.1397063697699994	0.32941176470588235	54.22	10.0	53.94666666666666	19.5	0.2382197380065918	0.43289992213249207
Do you store my voice recordings locally or on a server?	0.0	0.0	77.91	0.0	2.0	2.0	-0.2086356282234192	0.05380205065011978	0.12988995687991725	0.23456790123456794	84.51	8.0	42.78909090909091	22.5	0.4429927468299866	0.8556576371192932	0.006122462364788502	0.1656050955414013	89.58	8.0	32.3175	17.0	0.3638305962085724	0.686653733253479	4.382767978970638	0.40616966580976865	59.03	10.0	78.34190724260185	23.4	0.4642568826675415	0.8252278566360474	6.174415351772163	0.43243243243243246	74.73	9.0	39.89900662251655	24.0	0.5427712798118591	0.8584879636764526	6.174415351772163	0.43243243243243246	74.73	9.0	39.89900662251655	24.0	0.5427712798118591	0.8584879636764526	4.971008467383223	0.4141689373297003	75.54	11.0	51.25903554213252	23.5	0.5296326875686646	0.8612341284751892	3.8967079085231755	0.3977900552486187	76.76	10.0	47.63423001232837	22.0	0.525192379951477	0.8460845947265625	15.062122516216004	0.5323383084577116	66.91	9.0	52.307059961315275	32.0	0.6159122586250305	0.8828240633010864	4.96653910358299	0.396694214876033	76.56	8.0	44.66849451645065	21.5	0.5571312308311462	0.859480619430542	4.399579636836911	0.3922651933701658	76.76	9.0	49.065488446579735	21.25	0.5536803603172302	0.8741263747215271
